Time,Energy (Wh)
01/02/2021 04:00,"0"
01/02/2021 09:00,"0"
01/02/2021 10:00,"0"
01/02/2021 11:00,"0"
01/02/2021 12:00,"10"
01/02/2021 13:00,"55"
01/02/2021 14:00,"12"
01/02/2021 15:00,"0"
01/02/2021 16:00,"0"
01/03/2021 00:00,"0"
01/03/2021 08:00,"0"
01/03/2021 09:00,"0"
01/03/2021 10:00,"52"
01/03/2021 11:00,"117"
01/03/2021 12:00,"196"
01/03/2021 13:00,"401"
01/03/2021 14:00,"415"
01/03/2021 15:00,"275"
01/03/2021 16:00,"36"
01/03/2021 20:00,"0"
01/04/2021 06:00,"0"
01/04/2021 07:00,"0"
01/04/2021 08:00,"3"
01/04/2021 09:00,"39"
01/04/2021 10:00,"308"
01/04/2021 11:00,"1233"
01/04/2021 12:00,"2145"
01/04/2021 13:00,"2684"
01/04/2021 14:00,"2050"
01/04/2021 15:00,"1192"
01/04/2021 16:00,"168"
01/05/2021 02:00,"0"
01/05/2021 07:00,"0"
01/05/2021 08:00,"157"
01/05/2021 09:00,"737"
01/05/2021 10:00,"2417"
01/05/2021 11:00,"3589"
01/05/2021 12:00,"4510"
01/05/2021 13:00,"2670"
01/05/2021 14:00,"1402"
01/05/2021 15:00,"543"
01/05/2021 16:00,"64"
01/05/2021 22:00,"0"
01/06/2021 07:00,"0"
01/06/2021 08:00,"161"
01/06/2021 09:00,"1026"
01/06/2021 10:00,"1701"
01/06/2021 11:00,"2299"
01/06/2021 12:00,"1620"
01/06/2021 13:00,"2529"
01/06/2021 14:00,"2565"
01/06/2021 15:00,"1113"
01/06/2021 16:00,"191"
01/07/2021 04:00,"0"
01/07/2021 08:00,"33"
01/07/2021 09:00,"182"
01/07/2021 10:00,"421"
01/07/2021 11:00,"490"
01/07/2021 12:00,"532"
01/07/2021 13:00,"404"
01/07/2021 14:00,"346"
01/07/2021 15:00,"150"
01/07/2021 16:00,"4"
01/08/2021 00:00,"0"
01/08/2021 08:00,"14"
01/08/2021 09:00,"115"
01/08/2021 10:00,"345"
01/08/2021 11:00,"450"
01/08/2021 12:00,"548"
01/08/2021 13:00,"541"
01/08/2021 14:00,"536"
01/08/2021 15:00,"213"
01/08/2021 16:00,"41"
01/08/2021 20:00,"0"
01/09/2021 06:00,"0"
01/09/2021 08:00,"39"
01/09/2021 09:00,"339"
01/09/2021 10:00,"1441"
01/09/2021 11:00,"2121"
01/09/2021 12:00,"1793"
01/09/2021 13:00,"3274"
01/09/2021 14:00,"1636"
01/09/2021 15:00,"392"
01/09/2021 16:00,"61"
01/10/2021 02:00,"0"
01/10/2021 08:00,"37"
01/10/2021 09:00,"269"
01/10/2021 10:00,"514"
01/10/2021 11:00,"742"
01/10/2021 12:00,"788"
01/10/2021 13:00,"778"
01/10/2021 14:00,"761"
01/10/2021 15:00,"593"
01/10/2021 16:00,"114"
01/10/2021 17:00,"0"
01/10/2021 22:00,"0"
01/11/2021 07:00,"0"
01/11/2021 08:00,"270"
01/11/2021 09:00,"976"
01/11/2021 10:00,"2376"
01/11/2021 11:00,"3140"
01/11/2021 12:00,"3339"
01/11/2021 13:00,"2590"
01/11/2021 14:00,"2420"
01/11/2021 15:00,"1467"
01/11/2021 16:00,"238"
01/11/2021 17:00,"0"
01/12/2021 04:00,"0"
01/12/2021 07:00,"0"
01/12/2021 08:00,"262"
01/12/2021 09:00,"886"
01/12/2021 10:00,"2435"
01/12/2021 11:00,"3876"
01/12/2021 12:00,"5027"
01/12/2021 13:00,"3388"
01/12/2021 14:00,"1705"
01/12/2021 15:00,"606"
01/12/2021 16:00,"195"
01/13/2021 00:00,"0"
01/13/2021 07:00,"0"
01/13/2021 08:00,"185"
01/13/2021 09:00,"592"
01/13/2021 10:00,"1246"
01/13/2021 11:00,"2066"
01/13/2021 12:00,"876"
01/13/2021 13:00,"1156"
01/13/2021 14:00,"1296"
01/13/2021 15:00,"1609"
01/13/2021 16:00,"356"
01/13/2021 17:00,"0"
01/13/2021 20:00,"0"
01/14/2021 06:00,"0"
01/14/2021 08:00,"10"
01/14/2021 09:00,"49"
01/14/2021 10:00,"49"
01/14/2021 11:00,"95"
01/14/2021 12:00,"45"
01/14/2021 13:00,"58"
01/14/2021 14:00,"198"
01/14/2021 15:00,"118"
01/14/2021 16:00,"10"
01/15/2021 02:00,"0"
01/15/2021 08:00,"0"
01/15/2021 09:00,"4"
01/15/2021 10:00,"55"
01/15/2021 11:00,"84"
01/15/2021 12:00,"51"
01/15/2021 13:00,"172"
01/15/2021 14:00,"99"
01/15/2021 15:00,"50"
01/15/2021 16:00,"0"
01/15/2021 22:00,"0"
01/16/2021 08:00,"40"
01/16/2021 09:00,"268"
01/16/2021 10:00,"416"
01/16/2021 11:00,"454"
01/16/2021 12:00,"664"
01/16/2021 13:00,"627"
01/16/2021 14:00,"938"
01/16/2021 15:00,"406"
01/16/2021 16:00,"51"
01/17/2021 04:00,"0"
01/17/2021 07:00,"0"
01/17/2021 08:00,"82"
01/17/2021 09:00,"377"
01/17/2021 10:00,"719"
01/17/2021 11:00,"921"
01/17/2021 12:00,"1102"
01/17/2021 13:00,"838"
01/17/2021 14:00,"679"
01/17/2021 15:00,"211"
01/17/2021 16:00,"12"
01/17/2021 17:00,"0"
01/18/2021 00:00,"0"
01/18/2021 08:00,"47"
01/18/2021 09:00,"348"
01/18/2021 10:00,"625"
01/18/2021 11:00,"2259"
01/18/2021 12:00,"2114"
01/18/2021 13:00,"2580"
01/18/2021 14:00,"1384"
01/18/2021 15:00,"665"
01/18/2021 16:00,"91"
01/18/2021 17:00,"0"
01/18/2021 20:00,"0"
01/19/2021 06:00,"0"
01/19/2021 07:00,"0"
01/19/2021 08:00,"47"
01/19/2021 09:00,"122"
01/19/2021 10:00,"184"
01/19/2021 11:00,"259"
01/19/2021 12:00,"518"
01/19/2021 13:00,"288"
01/19/2021 14:00,"208"
01/19/2021 15:00,"187"
01/19/2021 16:00,"61"
01/19/2021 17:00,"0"
01/20/2021 02:00,"0"
01/20/2021 08:00,"14"
01/20/2021 09:00,"147"
01/20/2021 10:00,"288"
01/20/2021 11:00,"410"
01/20/2021 12:00,"637"
01/20/2021 13:00,"1561"
01/20/2021 14:00,"899"
01/20/2021 15:00,"643"
01/20/2021 16:00,"177"
01/20/2021 17:00,"0"
01/20/2021 22:00,"0"
01/21/2021 07:00,"0"
01/21/2021 08:00,"226"
01/21/2021 09:00,"663"
01/21/2021 10:00,"2379"
01/21/2021 11:00,"3520"
01/21/2021 12:00,"4497"
01/21/2021 13:00,"4452"
01/21/2021 14:00,"3424"
01/21/2021 15:00,"2759"
01/21/2021 16:00,"541"
01/21/2021 17:00,"1"
01/22/2021 04:00,"0"
01/22/2021 07:00,"4"
01/22/2021 08:00,"254"
01/22/2021 09:00,"723"
01/22/2021 10:00,"2565"
01/22/2021 11:00,"4522"
01/22/2021 12:00,"6025"
01/22/2021 13:00,"5388"
01/22/2021 14:00,"4159"
01/22/2021 15:00,"2903"
01/22/2021 16:00,"609"
01/22/2021 17:00,"0"
01/23/2021 00:00,"0"
01/23/2021 07:00,"0"
01/23/2021 08:00,"228"
01/23/2021 09:00,"654"
01/23/2021 10:00,"991"
01/23/2021 11:00,"1341"
01/23/2021 12:00,"1496"
01/23/2021 13:00,"1099"
01/23/2021 14:00,"848"
01/23/2021 15:00,"339"
01/23/2021 16:00,"15"
01/23/2021 20:00,"0"
01/24/2021 06:00,"0"
01/24/2021 09:00,"0"
01/24/2021 10:00,"77"
01/24/2021 11:00,"231"
01/24/2021 12:00,"403"
01/24/2021 13:00,"421"
01/24/2021 14:00,"360"
01/24/2021 15:00,"250"
01/24/2021 16:00,"40"
01/24/2021 17:00,"0"
01/25/2021 02:00,"0"
01/25/2021 07:00,"0"
01/25/2021 08:00,"9"
01/25/2021 09:00,"154"
01/25/2021 10:00,"480"
01/25/2021 11:00,"862"
01/25/2021 12:00,"1233"
01/25/2021 13:00,"1050"
01/25/2021 14:00,"915"
01/25/2021 15:00,"581"
01/25/2021 16:00,"75"
01/25/2021 17:00,"0"
01/25/2021 22:00,"0"
01/26/2021 07:00,"0"
01/26/2021 08:00,"17"
01/26/2021 09:00,"158"
01/26/2021 10:00,"334"
01/26/2021 11:00,"1469"
01/26/2021 12:00,"2287"
01/26/2021 13:00,"2020"
01/26/2021 14:00,"1485"
01/26/2021 15:00,"1084"
01/26/2021 16:00,"122"
01/26/2021 17:00,"0"
01/27/2021 04:00,"0"
01/27/2021 07:00,"0"
01/27/2021 08:00,"69"
01/27/2021 09:00,"344"
01/27/2021 10:00,"630"
01/27/2021 11:00,"936"
01/27/2021 12:00,"1013"
01/27/2021 13:00,"865"
01/27/2021 14:00,"663"
01/27/2021 15:00,"455"
01/27/2021 16:00,"136"
01/27/2021 17:00,"0"
01/28/2021 00:00,"0"
01/28/2021 07:00,"1"
01/28/2021 08:00,"112"
01/28/2021 09:00,"552"
01/28/2021 10:00,"1016"
01/28/2021 11:00,"1287"
01/28/2021 12:00,"1277"
01/28/2021 13:00,"1091"
01/28/2021 14:00,"1980"
01/28/2021 15:00,"1363"
01/28/2021 16:00,"209"
01/28/2021 17:00,"0"
01/28/2021 20:00,"0"
01/29/2021 06:00,"0"
01/29/2021 07:00,"0"
01/29/2021 08:00,"1"
01/29/2021 09:00,"112"
01/29/2021 10:00,"442"
01/29/2021 11:00,"605"
01/29/2021 12:00,"494"
01/29/2021 13:00,"465"
01/29/2021 14:00,"246"
01/29/2021 15:00,"188"
01/29/2021 16:00,"40"
01/29/2021 17:00,"0"
01/30/2021 02:00,"0"
01/30/2021 07:00,"0"
01/30/2021 08:00,"127"
01/30/2021 09:00,"395"
01/30/2021 10:00,"379"
01/30/2021 11:00,"355"
01/30/2021 12:00,"375"
01/30/2021 13:00,"224"
01/30/2021 14:00,"92"
01/30/2021 15:00,"50"
01/30/2021 16:00,"1"
01/30/2021 17:00,"0"
01/30/2021 22:00,"0"
01/31/2021 07:00,"0"
01/31/2021 08:00,"119"
01/31/2021 09:00,"519"
01/31/2021 10:00,"602"
01/31/2021 11:00,"843"
01/31/2021 12:00,"1017"
01/31/2021 13:00,"1314"
01/31/2021 14:00,"805"
01/31/2021 15:00,"533"
01/31/2021 16:00,"103"
01/31/2021 17:00,"0"
02/01/2021 04:00,"0"
02/01/2021 07:00,"0"
02/01/2021 08:00,"60"
02/01/2021 09:00,"318"
02/01/2021 10:00,"573"
02/01/2021 11:00,"978"
02/01/2021 12:00,"1668"
02/01/2021 13:00,"1549"
02/01/2021 14:00,"1195"
02/01/2021 15:00,"831"
02/01/2021 16:00,"260"
02/01/2021 17:00,"0"
02/02/2021 00:00,"0"
02/02/2021 07:00,"0"
02/02/2021 08:00,"64"
02/02/2021 09:00,"297"
02/02/2021 10:00,"523"
02/02/2021 11:00,"743"
02/02/2021 12:00,"745"
02/02/2021 13:00,"902"
02/02/2021 14:00,"860"
02/02/2021 15:00,"605"
02/02/2021 16:00,"282"
02/02/2021 17:00,"0"
02/02/2021 20:00,"0"
02/03/2021 06:00,"0"
02/03/2021 07:00,"17"
02/03/2021 08:00,"327"
02/03/2021 09:00,"881"
02/03/2021 10:00,"2303"
02/03/2021 11:00,"3891"
02/03/2021 12:00,"4809"
02/03/2021 13:00,"4628"
02/03/2021 14:00,"3667"
02/03/2021 15:00,"1717"
02/03/2021 16:00,"401"
02/03/2021 17:00,"7"
02/04/2021 02:00,"0"
02/04/2021 09:00,"0"
02/04/2021 10:00,"0"
02/04/2021 11:00,"0"
02/04/2021 12:00,"21"
02/04/2021 13:00,"47"
02/04/2021 14:00,"21"
02/04/2021 15:00,"10"
02/04/2021 16:00,"0"
02/04/2021 17:00,"0"
02/04/2021 22:00,"0"
02/05/2021 08:00,"0"
02/05/2021 09:00,"9"
02/05/2021 10:00,"101"
02/05/2021 11:00,"299"
02/05/2021 12:00,"405"
02/05/2021 13:00,"397"
02/05/2021 14:00,"263"
02/05/2021 15:00,"176"
02/05/2021 16:00,"12"
02/05/2021 17:00,"0"
02/06/2021 04:00,"0"
02/06/2021 08:00,"0"
02/06/2021 09:00,"30"
02/06/2021 10:00,"132"
02/06/2021 11:00,"244"
02/06/2021 12:00,"465"
02/06/2021 13:00,"447"
02/06/2021 14:00,"359"
02/06/2021 15:00,"166"
02/06/2021 16:00,"25"
02/06/2021 17:00,"0"
02/07/2021 00:00,"0"
02/07/2021 07:00,"0"
02/07/2021 08:00,"0"
02/07/2021 09:00,"23"
02/07/2021 10:00,"190"
02/07/2021 11:00,"381"
02/07/2021 12:00,"498"
02/07/2021 13:00,"311"
02/07/2021 14:00,"196"
02/07/2021 15:00,"54"
02/07/2021 16:00,"0"
02/07/2021 17:00,"0"
02/07/2021 20:00,"0"
02/08/2021 06:00,"0"
02/08/2021 08:00,"0"
02/08/2021 09:00,"25"
02/08/2021 10:00,"136"
02/08/2021 11:00,"319"
02/08/2021 12:00,"443"
02/08/2021 13:00,"463"
02/08/2021 14:00,"374"
02/08/2021 15:00,"235"
02/08/2021 16:00,"32"
02/08/2021 17:00,"0"
02/09/2021 02:00,"0"
02/09/2021 07:00,"0"
02/09/2021 08:00,"0"
02/09/2021 09:00,"24"
02/09/2021 10:00,"157"
02/09/2021 11:00,"339"
02/09/2021 12:00,"439"
02/09/2021 13:00,"457"
02/09/2021 14:00,"382"
02/09/2021 15:00,"245"
02/09/2021 16:00,"39"
02/09/2021 17:00,"0"
02/09/2021 22:00,"0"
02/10/2021 08:00,"1"
02/10/2021 09:00,"55"
02/10/2021 10:00,"160"
02/10/2021 11:00,"195"
02/10/2021 12:00,"515"
02/10/2021 13:00,"528"
02/10/2021 14:00,"437"
02/10/2021 15:00,"283"
02/10/2021 16:00,"51"
02/10/2021 17:00,"0"
02/11/2021 04:00,"0"
02/11/2021 08:00,"0"
02/11/2021 09:00,"22"
02/11/2021 10:00,"150"
02/11/2021 11:00,"335"
02/11/2021 12:00,"249"
02/11/2021 13:00,"234"
02/11/2021 14:00,"343"
02/11/2021 15:00,"133"
02/11/2021 16:00,"0"
02/11/2021 17:00,"0"
02/12/2021 00:00,"0"
02/12/2021 07:00,"0"
02/12/2021 08:00,"0"
02/12/2021 09:00,"21"
02/12/2021 10:00,"160"
02/12/2021 11:00,"334"
02/12/2021 12:00,"430"
02/12/2021 13:00,"424"
02/12/2021 14:00,"346"
02/12/2021 15:00,"207"
02/12/2021 16:00,"29"
02/12/2021 17:00,"0"
02/12/2021 20:00,"0"
02/13/2021 06:00,"0"
02/13/2021 07:00,"0"
02/13/2021 08:00,"2"
02/13/2021 09:00,"25"
02/13/2021 10:00,"122"
02/13/2021 11:00,"207"
02/13/2021 12:00,"488"
02/13/2021 13:00,"498"
02/13/2021 14:00,"414"
02/13/2021 15:00,"242"
02/13/2021 16:00,"15"
02/13/2021 17:00,"0"
02/14/2021 02:00,"0"
02/14/2021 07:00,"0"
02/14/2021 08:00,"2"
02/14/2021 09:00,"53"
02/14/2021 10:00,"227"
02/14/2021 11:00,"475"
02/14/2021 12:00,"586"
02/14/2021 13:00,"566"
02/14/2021 14:00,"461"
02/14/2021 15:00,"295"
02/14/2021 16:00,"56"
02/14/2021 17:00,"0"
02/14/2021 22:00,"0"
02/15/2021 07:00,"0"
02/15/2021 08:00,"5"
02/15/2021 09:00,"53"
02/15/2021 10:00,"246"
02/15/2021 11:00,"512"
02/15/2021 12:00,"639"
02/15/2021 13:00,"615"
02/15/2021 14:00,"499"
02/15/2021 15:00,"322"
02/15/2021 16:00,"64"
02/15/2021 17:00,"0"
02/16/2021 04:00,"0"
02/16/2021 07:00,"0"
02/16/2021 08:00,"5"
02/16/2021 09:00,"88"
02/16/2021 10:00,"264"
02/16/2021 11:00,"434"
02/16/2021 12:00,"565"
02/16/2021 13:00,"655"
02/16/2021 14:00,"476"
02/16/2021 15:00,"369"
02/16/2021 16:00,"83"
02/16/2021 17:00,"0"
02/17/2021 00:00,"0"
02/17/2021 07:00,"0"
02/17/2021 08:00,"0"
02/17/2021 09:00,"48"
02/17/2021 10:00,"92"
02/17/2021 11:00,"156"
02/17/2021 12:00,"123"
02/17/2021 13:00,"112"
02/17/2021 14:00,"69"
02/17/2021 15:00,"44"
02/17/2021 16:00,"0"
02/17/2021 17:00,"0"
02/17/2021 20:00,"0"
02/18/2021 06:00,"0"
02/18/2021 08:00,"0"
02/18/2021 09:00,"17"
02/18/2021 10:00,"106"
02/18/2021 11:00,"141"
02/18/2021 12:00,"126"
02/18/2021 13:00,"73"
02/18/2021 14:00,"86"
02/18/2021 15:00,"58"
02/18/2021 16:00,"0"
02/18/2021 17:00,"0"
02/19/2021 02:00,"0"
02/19/2021 07:00,"0"
02/19/2021 08:00,"4"
02/19/2021 09:00,"51"
02/19/2021 10:00,"187"
02/19/2021 11:00,"398"
02/19/2021 12:00,"398"
02/19/2021 13:00,"564"
02/19/2021 14:00,"651"
02/19/2021 15:00,"583"
02/19/2021 16:00,"218"
02/19/2021 17:00,"10"
02/19/2021 22:00,"0"
02/20/2021 07:00,"11"
02/20/2021 08:00,"110"
02/20/2021 09:00,"283"
02/20/2021 10:00,"727"
02/20/2021 11:00,"1228"
02/20/2021 12:00,"1807"
02/20/2021 13:00,"2428"
02/20/2021 14:00,"1829"
02/20/2021 15:00,"761"
02/20/2021 16:00,"169"
02/20/2021 17:00,"10"
02/21/2021 04:00,"0"
02/21/2021 07:00,"3"
02/21/2021 08:00,"74"
02/21/2021 09:00,"261"
02/21/2021 10:00,"541"
02/21/2021 11:00,"664"
02/21/2021 12:00,"451"
02/21/2021 13:00,"439"
02/21/2021 14:00,"407"
02/21/2021 15:00,"295"
02/21/2021 16:00,"159"
02/21/2021 17:00,"17"
02/22/2021 00:00,"0"
02/22/2021 07:00,"15"
02/22/2021 08:00,"147"
02/22/2021 09:00,"313"
02/22/2021 10:00,"1287"
02/22/2021 11:00,"2127"
02/22/2021 12:00,"3319"
02/22/2021 13:00,"2680"
02/22/2021 14:00,"1868"
02/22/2021 15:00,"699"
02/22/2021 16:00,"238"
02/22/2021 17:00,"137"
02/22/2021 20:00,"0"
02/23/2021 06:00,"0"
02/23/2021 07:00,"412"
02/23/2021 08:00,"1045"
02/23/2021 09:00,"1379"
02/23/2021 10:00,"1841"
02/23/2021 11:00,"2012"
02/23/2021 12:00,"1666"
02/23/2021 13:00,"1765"
02/23/2021 14:00,"1049"
02/23/2021 15:00,"1273"
02/23/2021 16:00,"751"
02/23/2021 17:00,"102"
02/24/2021 02:00,"0"
02/24/2021 07:00,"234"
02/24/2021 08:00,"1072"
02/24/2021 09:00,"1780"
02/24/2021 10:00,"3694"
02/24/2021 11:00,"5657"
02/24/2021 12:00,"6898"
02/24/2021 13:00,"6886"
02/24/2021 14:00,"6265"
02/24/2021 15:00,"5060"
02/24/2021 16:00,"1928"
02/24/2021 17:00,"220"
02/24/2021 18:00,"0"
02/24/2021 22:00,"0"
02/25/2021 06:00,"0"
02/25/2021 07:00,"505"
02/25/2021 08:00,"1183"
02/25/2021 09:00,"1905"
02/25/2021 10:00,"3852"
02/25/2021 11:00,"6040"
02/25/2021 12:00,"7018"
02/25/2021 13:00,"6950"
02/25/2021 14:00,"6316"
02/25/2021 15:00,"4990"
02/25/2021 16:00,"1921"
02/25/2021 17:00,"246"
02/25/2021 18:00,"0"
02/26/2021 04:00,"0"
02/26/2021 06:00,"0"
02/26/2021 07:00,"562"
02/26/2021 08:00,"774"
02/26/2021 09:00,"2319"
02/26/2021 10:00,"3114"
02/26/2021 11:00,"4298"
02/26/2021 12:00,"4279"
02/26/2021 13:00,"4694"
02/26/2021 14:00,"4869"
02/26/2021 15:00,"3672"
02/26/2021 16:00,"1026"
02/26/2021 17:00,"206"
02/26/2021 18:00,"0"
02/26/2021 20:00,"0"
02/27/2021 06:00,"0"
02/27/2021 07:00,"557"
02/27/2021 08:00,"1178"
02/27/2021 09:00,"1995"
02/27/2021 10:00,"3810"
02/27/2021 11:00,"5935"
02/27/2021 12:00,"6162"
02/27/2021 13:00,"6211"
02/27/2021 14:00,"3398"
02/27/2021 15:00,"1563"
02/27/2021 16:00,"549"
02/27/2021 17:00,"38"
02/28/2021 02:00,"0"
02/28/2021 07:00,"0"
02/28/2021 08:00,"0"
02/28/2021 09:00,"20"
02/28/2021 10:00,"62"
02/28/2021 11:00,"250"
02/28/2021 12:00,"1633"
02/28/2021 13:00,"5434"
02/28/2021 14:00,"6443"
02/28/2021 15:00,"5234"
02/28/2021 16:00,"2056"
02/28/2021 17:00,"294"
02/28/2021 18:00,"0"
02/28/2021 22:00,"0"
03/01/2021 07:00,"38"
03/01/2021 08:00,"144"
03/01/2021 09:00,"305"
03/01/2021 10:00,"653"
03/01/2021 11:00,"1809"
03/01/2021 12:00,"4777"
03/01/2021 13:00,"6707"
03/01/2021 14:00,"6411"
03/01/2021 15:00,"5280"
03/01/2021 16:00,"2109"
03/01/2021 17:00,"323"
03/01/2021 18:00,"0"
03/02/2021 04:00,"0"
03/02/2021 06:00,"0"
03/02/2021 07:00,"613"
03/02/2021 08:00,"1337"
03/02/2021 09:00,"2202"
03/02/2021 10:00,"4182"
03/02/2021 11:00,"6316"
03/02/2021 12:00,"7044"
03/02/2021 13:00,"6929"
03/02/2021 14:00,"6269"
03/02/2021 15:00,"4919"
03/02/2021 16:00,"1970"
03/02/2021 17:00,"301"
03/02/2021 18:00,"0"
03/03/2021 00:00,"0"
03/03/2021 06:00,"1"
03/03/2021 07:00,"696"
03/03/2021 08:00,"1377"
03/03/2021 09:00,"2329"
03/03/2021 10:00,"4159"
03/03/2021 11:00,"6032"
03/03/2021 12:00,"6691"
03/03/2021 13:00,"6589"
03/03/2021 14:00,"4386"
03/03/2021 15:00,"3201"
03/03/2021 16:00,"1626"
03/03/2021 17:00,"290"
03/03/2021 18:00,"0"
03/03/2021 20:00,"0"
03/04/2021 06:00,"1"
03/04/2021 07:00,"733"
03/04/2021 08:00,"1586"
03/04/2021 09:00,"2432"
03/04/2021 10:00,"4386"
03/04/2021 11:00,"6141"
03/04/2021 12:00,"6943"
03/04/2021 13:00,"6832"
03/04/2021 14:00,"6133"
03/04/2021 15:00,"4937"
03/04/2021 16:00,"2001"
03/04/2021 17:00,"283"
03/04/2021 18:00,"0"
03/05/2021 02:00,"0"
03/05/2021 06:00,"0"
03/05/2021 07:00,"99"
03/05/2021 08:00,"369"
03/05/2021 09:00,"1162"
03/05/2021 10:00,"1219"
03/05/2021 11:00,"1693"
03/05/2021 12:00,"5966"
03/05/2021 13:00,"6731"
03/05/2021 14:00,"6026"
03/05/2021 15:00,"3578"
03/05/2021 16:00,"1160"
03/05/2021 17:00,"400"
03/05/2021 18:00,"0"
03/05/2021 22:00,"0"
03/06/2021 06:00,"5"
03/06/2021 07:00,"862"
03/06/2021 08:00,"1717"
03/06/2021 09:00,"2570"
03/06/2021 10:00,"4527"
03/06/2021 11:00,"6430"
03/06/2021 12:00,"7076"
03/06/2021 13:00,"6928"
03/06/2021 14:00,"6296"
03/06/2021 15:00,"5111"
03/06/2021 16:00,"2243"
03/06/2021 17:00,"418"
03/06/2021 18:00,"1"
03/07/2021 04:00,"0"
03/07/2021 06:00,"4"
03/07/2021 07:00,"385"
03/07/2021 08:00,"1738"
03/07/2021 09:00,"2910"
03/07/2021 10:00,"3866"
03/07/2021 11:00,"5008"
03/07/2021 12:00,"6269"
03/07/2021 13:00,"4758"
03/07/2021 14:00,"5822"
03/07/2021 15:00,"3293"
03/07/2021 16:00,"1683"
03/07/2021 17:00,"397"
03/07/2021 18:00,"0"
03/08/2021 00:00,"0"
03/08/2021 06:00,"12"
03/08/2021 07:00,"909"
03/08/2021 08:00,"1798"
03/08/2021 09:00,"2708"
03/08/2021 10:00,"4547"
03/08/2021 11:00,"6088"
03/08/2021 12:00,"6724"
03/08/2021 13:00,"6407"
03/08/2021 14:00,"5514"
03/08/2021 15:00,"4033"
03/08/2021 16:00,"1795"
03/08/2021 17:00,"299"
03/08/2021 18:00,"0"
03/08/2021 20:00,"0"
03/09/2021 06:00,"9"
03/09/2021 07:00,"816"
03/09/2021 08:00,"1784"
03/09/2021 09:00,"2420"
03/09/2021 10:00,"2121"
03/09/2021 11:00,"3974"
03/09/2021 12:00,"5855"
03/09/2021 13:00,"5638"
03/09/2021 14:00,"5426"
03/09/2021 15:00,"3755"
03/09/2021 16:00,"1092"
03/09/2021 17:00,"488"
03/09/2021 18:00,"0"
03/10/2021 02:00,"0"
03/10/2021 07:00,"92"
03/10/2021 08:00,"404"
03/10/2021 09:00,"407"
03/10/2021 10:00,"192"
03/10/2021 11:00,"353"
03/10/2021 12:00,"211"
03/10/2021 13:00,"265"
03/10/2021 14:00,"292"
03/10/2021 15:00,"424"
03/10/2021 16:00,"77"
03/10/2021 17:00,"11"
03/10/2021 18:00,"0"
03/10/2021 22:00,"0"
03/11/2021 06:00,"27"
03/11/2021 07:00,"571"
03/11/2021 08:00,"1826"
03/11/2021 09:00,"2986"
03/11/2021 10:00,"4986"
03/11/2021 11:00,"6788"
03/11/2021 12:00,"7380"
03/11/2021 13:00,"7147"
03/11/2021 14:00,"6451"
03/11/2021 15:00,"5276"
03/11/2021 16:00,"2403"
03/11/2021 17:00,"545"
03/11/2021 18:00,"2"
03/12/2021 04:00,"0"
03/12/2021 06:00,"40"
03/12/2021 07:00,"1182"
03/12/2021 08:00,"2054"
03/12/2021 09:00,"3079"
03/12/2021 10:00,"4965"
03/12/2021 11:00,"6616"
03/12/2021 12:00,"7114"
03/12/2021 13:00,"6952"
03/12/2021 14:00,"6299"
03/12/2021 15:00,"5115"
03/12/2021 16:00,"2383"
03/12/2021 17:00,"564"
03/12/2021 18:00,"4"
03/13/2021 00:00,"0"
03/13/2021 06:00,"47"
03/13/2021 07:00,"1138"
03/13/2021 08:00,"1984"
03/13/2021 09:00,"2999"
03/13/2021 10:00,"4857"
03/13/2021 11:00,"6506"
03/13/2021 12:00,"7084"
03/13/2021 13:00,"6934"
03/13/2021 14:00,"6272"
03/13/2021 15:00,"5010"
03/13/2021 16:00,"2345"
03/13/2021 17:00,"546"
03/13/2021 18:00,"1"
03/13/2021 20:00,"0"
03/14/2021 07:00,"45"
03/14/2021 08:00,"1023"
03/14/2021 09:00,"1877"
03/14/2021 10:00,"3295"
03/14/2021 11:00,"3933"
03/14/2021 12:00,"4990"
03/14/2021 13:00,"5662"
03/14/2021 14:00,"5080"
03/14/2021 15:00,"3958"
03/14/2021 16:00,"2052"
03/14/2021 17:00,"1209"
03/14/2021 18:00,"414"
03/14/2021 19:00,"0"
03/15/2021 03:00,"0"
03/15/2021 07:00,"0"
03/15/2021 08:00,"111"
03/15/2021 09:00,"319"
03/15/2021 10:00,"569"
03/15/2021 11:00,"911"
03/15/2021 12:00,"521"
03/15/2021 13:00,"118"
03/15/2021 14:00,"31"
03/15/2021 15:00,"1"
03/15/2021 16:00,"0"
03/15/2021 17:00,"0"
03/15/2021 18:00,"0"
03/15/2021 23:00,"0"
03/16/2021 09:00,"0"
03/16/2021 10:00,"49"
03/16/2021 11:00,"32"
03/16/2021 12:00,"38"
03/16/2021 13:00,"190"
03/16/2021 14:00,"245"
03/16/2021 15:00,"374"
03/16/2021 16:00,"318"
03/16/2021 17:00,"269"
03/16/2021 18:00,"153"
03/16/2021 19:00,"0"
03/17/2021 05:00,"0"
03/17/2021 08:00,"0"
03/17/2021 09:00,"87"
03/17/2021 10:00,"462"
03/17/2021 11:00,"1940"
03/17/2021 12:00,"2966"
03/17/2021 13:00,"5932"
03/17/2021 14:00,"3460"
03/17/2021 15:00,"1689"
03/17/2021 16:00,"1929"
03/17/2021 17:00,"2439"
03/17/2021 18:00,"726"
03/17/2021 19:00,"33"
03/18/2021 01:00,"0"
03/18/2021 07:00,"78"
03/18/2021 08:00,"1354"
03/18/2021 09:00,"2292"
03/18/2021 10:00,"3472"
03/18/2021 11:00,"5428"
03/18/2021 12:00,"6988"
03/18/2021 13:00,"7388"
03/18/2021 14:00,"7070"
03/18/2021 15:00,"6453"
03/18/2021 16:00,"5271"
03/18/2021 17:00,"2742"
03/18/2021 18:00,"831"
03/18/2021 19:00,"16"
03/18/2021 21:00,"0"
03/19/2021 07:00,"96"
03/19/2021 08:00,"1536"
03/19/2021 09:00,"2337"
03/19/2021 10:00,"3576"
03/19/2021 11:00,"5591"
03/19/2021 12:00,"7102"
03/19/2021 13:00,"7439"
03/19/2021 14:00,"7259"
03/19/2021 15:00,"6661"
03/19/2021 16:00,"5408"
03/19/2021 17:00,"2904"
03/19/2021 18:00,"869"
03/19/2021 19:00,"19"
03/20/2021 03:00,"0"
03/20/2021 07:00,"107"
03/20/2021 08:00,"1390"
03/20/2021 09:00,"2352"
03/20/2021 10:00,"3658"
03/20/2021 11:00,"5640"
03/20/2021 12:00,"7119"
03/20/2021 13:00,"7478"
03/20/2021 14:00,"7205"
03/20/2021 15:00,"6564"
03/20/2021 16:00,"4788"
03/20/2021 17:00,"2272"
03/20/2021 18:00,"685"
03/20/2021 19:00,"27"
03/20/2021 23:00,"0"
03/21/2021 07:00,"72"
03/21/2021 08:00,"1347"
03/21/2021 09:00,"2161"
03/21/2021 10:00,"3477"
03/21/2021 11:00,"4192"
03/21/2021 12:00,"4666"
03/21/2021 13:00,"4114"
03/21/2021 14:00,"3737"
03/21/2021 15:00,"1663"
03/21/2021 16:00,"514"
03/21/2021 17:00,"106"
03/21/2021 18:00,"2"
03/21/2021 19:00,"0"
03/22/2021 05:00,"0"
03/22/2021 07:00,"151"
03/22/2021 08:00,"752"
03/22/2021 09:00,"2146"
03/22/2021 10:00,"3507"
03/22/2021 11:00,"4232"
03/22/2021 12:00,"6147"
03/22/2021 13:00,"6154"
03/22/2021 14:00,"5248"
03/22/2021 15:00,"3556"
03/22/2021 16:00,"1953"
03/22/2021 17:00,"998"
03/22/2021 18:00,"274"
03/22/2021 19:00,"5"
03/23/2021 01:00,"0"
03/23/2021 07:00,"21"
03/23/2021 08:00,"229"
03/23/2021 09:00,"519"
03/23/2021 10:00,"2147"
03/23/2021 11:00,"2822"
03/23/2021 12:00,"3502"
03/23/2021 13:00,"2879"
03/23/2021 14:00,"1397"
03/23/2021 15:00,"634"
03/23/2021 16:00,"307"
03/23/2021 17:00,"180"
03/23/2021 18:00,"30"
03/23/2021 19:00,"0"
03/23/2021 21:00,"0"
03/24/2021 07:00,"4"
03/24/2021 08:00,"94"
03/24/2021 09:00,"255"
03/24/2021 10:00,"640"
03/24/2021 11:00,"1391"
03/24/2021 12:00,"1315"
03/24/2021 13:00,"1106"
03/24/2021 14:00,"1364"
03/24/2021 15:00,"1491"
03/24/2021 16:00,"1350"
03/24/2021 17:00,"776"
03/24/2021 18:00,"66"
03/24/2021 19:00,"0"
03/25/2021 03:00,"0"
03/25/2021 07:00,"114"
03/25/2021 08:00,"1124"
03/25/2021 09:00,"2460"
03/25/2021 10:00,"4256"
03/25/2021 11:00,"5990"
03/25/2021 12:00,"7112"
03/25/2021 13:00,"7462"
03/25/2021 14:00,"6178"
03/25/2021 15:00,"4378"
03/25/2021 16:00,"4545"
03/25/2021 17:00,"2480"
03/25/2021 18:00,"905"
03/25/2021 19:00,"89"
03/25/2021 23:00,"0"
03/26/2021 07:00,"40"
03/26/2021 08:00,"358"
03/26/2021 09:00,"743"
03/26/2021 10:00,"1621"
03/26/2021 11:00,"3330"
03/26/2021 12:00,"6778"
03/26/2021 13:00,"6532"
03/26/2021 14:00,"6176"
03/26/2021 15:00,"5847"
03/26/2021 16:00,"4774"
03/26/2021 17:00,"2398"
03/26/2021 18:00,"766"
03/26/2021 19:00,"36"
03/27/2021 05:00,"0"
03/27/2021 07:00,"53"
03/27/2021 08:00,"692"
03/27/2021 09:00,"2362"
03/27/2021 10:00,"993"
03/27/2021 11:00,"1206"
03/27/2021 12:00,"1535"
03/27/2021 13:00,"1802"
03/27/2021 14:00,"1058"
03/27/2021 15:00,"611"
03/27/2021 16:00,"881"
03/27/2021 17:00,"319"
03/27/2021 18:00,"130"
03/27/2021 19:00,"6"
03/28/2021 01:00,"0"
03/28/2021 07:00,"175"
03/28/2021 08:00,"1301"
03/28/2021 09:00,"2951"
03/28/2021 10:00,"4115"
03/28/2021 11:00,"4422"
03/28/2021 12:00,"4123"
03/28/2021 13:00,"5560"
03/28/2021 14:00,"6619"
03/28/2021 15:00,"6004"
03/28/2021 16:00,"5179"
03/28/2021 17:00,"2339"
03/28/2021 18:00,"989"
03/28/2021 19:00,"46"
03/28/2021 21:00,"0"
03/29/2021 07:00,"163"
03/29/2021 08:00,"1642"
03/29/2021 09:00,"2735"
03/29/2021 10:00,"4560"
03/29/2021 11:00,"6245"
03/29/2021 12:00,"7316"
03/29/2021 13:00,"7371"
03/29/2021 14:00,"7090"
03/29/2021 15:00,"6413"
03/29/2021 16:00,"5174"
03/29/2021 17:00,"2893"
03/29/2021 18:00,"1057"
03/29/2021 19:00,"46"
03/30/2021 03:00,"0"
03/30/2021 07:00,"169"
03/30/2021 08:00,"986"
03/30/2021 09:00,"2070"
03/30/2021 10:00,"4838"
03/30/2021 11:00,"6493"
03/30/2021 12:00,"5495"
03/30/2021 13:00,"6923"
03/30/2021 14:00,"5207"
03/30/2021 15:00,"5318"
03/30/2021 16:00,"3745"
03/30/2021 17:00,"1748"
03/30/2021 18:00,"931"
03/30/2021 19:00,"54"
03/30/2021 23:00,"0"
03/31/2021 06:00,"0"
03/31/2021 07:00,"201"
03/31/2021 08:00,"1923"
03/31/2021 09:00,"3087"
03/31/2021 10:00,"4812"
03/31/2021 11:00,"6352"
03/31/2021 12:00,"5372"
03/31/2021 13:00,"5575"
03/31/2021 14:00,"5924"
03/31/2021 15:00,"6158"
03/31/2021 16:00,"3424"
03/31/2021 17:00,"3188"
03/31/2021 18:00,"923"
03/31/2021 19:00,"63"
04/01/2021 05:00,"0"
04/01/2021 06:00,"0"
04/01/2021 07:00,"259"
04/01/2021 08:00,"2006"
04/01/2021 09:00,"3127"
04/01/2021 10:00,"5132"
04/01/2021 11:00,"6734"
04/01/2021 12:00,"7694"
04/01/2021 13:00,"7777"
04/01/2021 14:00,"7478"
04/01/2021 15:00,"6807"
04/01/2021 16:00,"5569"
04/01/2021 17:00,"3278"
04/01/2021 18:00,"1202"
04/01/2021 19:00,"60"
04/02/2021 01:00,"0"
04/02/2021 06:00,"0"
04/02/2021 07:00,"319"
04/02/2021 08:00,"1551"
04/02/2021 09:00,"2765"
04/02/2021 10:00,"4684"
04/02/2021 11:00,"5666"
04/02/2021 12:00,"6939"
04/02/2021 13:00,"7269"
04/02/2021 14:00,"7246"
04/02/2021 15:00,"6634"
04/02/2021 16:00,"5273"
04/02/2021 17:00,"3122"
04/02/2021 18:00,"1063"
04/02/2021 19:00,"52"
04/02/2021 21:00,"0"
04/03/2021 06:00,"1"
04/03/2021 07:00,"286"
04/03/2021 08:00,"1885"
04/03/2021 09:00,"3112"
04/03/2021 10:00,"4837"
04/03/2021 11:00,"6341"
04/03/2021 12:00,"7175"
04/03/2021 13:00,"7333"
04/03/2021 14:00,"7033"
04/03/2021 15:00,"6354"
04/03/2021 16:00,"5175"
04/03/2021 17:00,"3149"
04/03/2021 18:00,"1114"
04/03/2021 19:00,"131"
04/04/2021 03:00,"0"
04/04/2021 06:00,"0"
04/04/2021 07:00,"225"
04/04/2021 08:00,"1776"
04/04/2021 09:00,"3041"
04/04/2021 10:00,"4767"
04/04/2021 11:00,"6077"
04/04/2021 12:00,"6818"
04/04/2021 13:00,"6568"
04/04/2021 14:00,"4840"
04/04/2021 15:00,"2885"
04/04/2021 16:00,"4711"
04/04/2021 17:00,"2996"
04/04/2021 18:00,"1157"
04/04/2021 19:00,"66"
04/04/2021 23:00,"0"
04/05/2021 06:00,"1"
04/05/2021 07:00,"290"
04/05/2021 08:00,"1805"
04/05/2021 09:00,"2981"
04/05/2021 10:00,"4646"
04/05/2021 11:00,"6011"
04/05/2021 12:00,"6283"
04/05/2021 13:00,"5941"
04/05/2021 14:00,"4771"
04/05/2021 15:00,"4779"
04/05/2021 16:00,"4114"
04/05/2021 17:00,"2139"
04/05/2021 18:00,"483"
04/05/2021 19:00,"83"
04/06/2021 05:00,"0"
04/06/2021 06:00,"1"
04/06/2021 07:00,"290"
04/06/2021 08:00,"1851"
04/06/2021 09:00,"3095"
04/06/2021 10:00,"4686"
04/06/2021 11:00,"5894"
04/06/2021 12:00,"6553"
04/06/2021 13:00,"5668"
04/06/2021 14:00,"3484"
04/06/2021 15:00,"1739"
04/06/2021 16:00,"1939"
04/06/2021 17:00,"1102"
04/06/2021 18:00,"364"
04/06/2021 19:00,"33"
04/07/2021 01:00,"0"
04/07/2021 06:00,"3"
04/07/2021 07:00,"137"
04/07/2021 08:00,"871"
04/07/2021 09:00,"1199"
04/07/2021 10:00,"1950"
04/07/2021 11:00,"2512"
04/07/2021 12:00,"1611"
04/07/2021 13:00,"1709"
04/07/2021 14:00,"2607"
04/07/2021 15:00,"4549"
04/07/2021 16:00,"2233"
04/07/2021 17:00,"1658"
04/07/2021 18:00,"539"
04/07/2021 19:00,"67"
04/07/2021 21:00,"0"
04/08/2021 06:00,"0"
04/08/2021 07:00,"194"
04/08/2021 08:00,"581"
04/08/2021 09:00,"836"
04/08/2021 10:00,"677"
04/08/2021 11:00,"838"
04/08/2021 12:00,"875"
04/08/2021 13:00,"3506"
04/08/2021 14:00,"4046"
04/08/2021 15:00,"1457"
04/08/2021 16:00,"707"
04/08/2021 17:00,"661"
04/08/2021 18:00,"781"
04/08/2021 19:00,"140"
04/09/2021 03:00,"0"
04/09/2021 06:00,"0"
04/09/2021 07:00,"33"
04/09/2021 08:00,"156"
04/09/2021 09:00,"542"
04/09/2021 10:00,"1182"
04/09/2021 11:00,"1292"
04/09/2021 12:00,"880"
04/09/2021 13:00,"1278"
04/09/2021 14:00,"785"
04/09/2021 15:00,"1360"
04/09/2021 16:00,"1484"
04/09/2021 17:00,"1052"
04/09/2021 18:00,"184"
04/09/2021 19:00,"8"
04/09/2021 23:00,"0"
04/10/2021 06:00,"0"
04/10/2021 07:00,"123"
04/10/2021 08:00,"540"
04/10/2021 09:00,"1044"
04/10/2021 10:00,"1327"
04/10/2021 11:00,"2436"
04/10/2021 12:00,"2847"
04/10/2021 13:00,"1946"
04/10/2021 14:00,"1443"
04/10/2021 15:00,"1536"
04/10/2021 16:00,"1158"
04/10/2021 17:00,"741"
04/10/2021 18:00,"308"
04/10/2021 19:00,"13"
04/11/2021 05:00,"0"
04/11/2021 06:00,"1"
04/11/2021 07:00,"327"
04/11/2021 08:00,"780"
04/11/2021 09:00,"1285"
04/11/2021 10:00,"1765"
04/11/2021 11:00,"3605"
04/11/2021 12:00,"3072"
04/11/2021 13:00,"2476"
04/11/2021 14:00,"2307"
04/11/2021 15:00,"3095"
04/11/2021 16:00,"2375"
04/11/2021 17:00,"372"
04/11/2021 18:00,"169"
04/11/2021 19:00,"1"
04/12/2021 02:00,"0"
04/12/2021 06:00,"2"
04/12/2021 07:00,"198"
04/12/2021 08:00,"179"
04/12/2021 09:00,"277"
04/12/2021 10:00,"625"
04/12/2021 11:00,"1184"
04/12/2021 12:00,"859"
04/12/2021 13:00,"973"
04/12/2021 14:00,"1343"
04/12/2021 15:00,"1767"
04/12/2021 16:00,"1401"
04/12/2021 17:00,"700"
04/12/2021 18:00,"385"
04/12/2021 19:00,"38"
04/12/2021 22:00,"0"
04/13/2021 06:00,"1"
04/13/2021 07:00,"260"
04/13/2021 08:00,"1075"
04/13/2021 09:00,"2344"
04/13/2021 10:00,"2960"
04/13/2021 11:00,"1934"
04/13/2021 12:00,"2335"
04/13/2021 13:00,"2779"
04/13/2021 14:00,"2457"
04/13/2021 15:00,"2095"
04/13/2021 16:00,"786"
04/13/2021 17:00,"744"
04/13/2021 18:00,"378"
04/13/2021 19:00,"36"
04/14/2021 04:00,"0"
04/14/2021 07:00,"25"
04/14/2021 08:00,"487"
04/14/2021 09:00,"983"
04/14/2021 10:00,"1494"
04/14/2021 11:00,"2049"
04/14/2021 12:00,"2638"
04/14/2021 13:00,"3139"
04/14/2021 14:00,"5177"
04/14/2021 15:00,"2907"
04/14/2021 16:00,"798"
04/14/2021 17:00,"550"
04/14/2021 18:00,"90"
04/14/2021 19:00,"0"
04/15/2021 00:00,"0"
04/15/2021 06:00,"3"
04/15/2021 07:00,"295"
04/15/2021 08:00,"752"
04/15/2021 09:00,"909"
04/15/2021 10:00,"1405"
04/15/2021 11:00,"2014"
04/15/2021 12:00,"3499"
04/15/2021 13:00,"5795"
04/15/2021 14:00,"5692"
04/15/2021 15:00,"4113"
04/15/2021 16:00,"2686"
04/15/2021 17:00,"1368"
04/15/2021 18:00,"394"
04/15/2021 19:00,"59"
04/16/2021 06:00,"29"
04/16/2021 07:00,"619"
04/16/2021 08:00,"2300"
04/16/2021 09:00,"3549"
04/16/2021 10:00,"4218"
04/16/2021 11:00,"6151"
04/16/2021 12:00,"7059"
04/16/2021 13:00,"5440"
04/16/2021 14:00,"4165"
04/16/2021 15:00,"6908"
04/16/2021 16:00,"5388"
04/16/2021 17:00,"3491"
04/16/2021 18:00,"1270"
04/16/2021 19:00,"125"
04/16/2021 20:00,"0"
04/17/2021 02:00,"0"
04/17/2021 06:00,"32"
04/17/2021 07:00,"464"
04/17/2021 08:00,"2049"
04/17/2021 09:00,"3384"
04/17/2021 10:00,"4941"
04/17/2021 11:00,"6221"
04/17/2021 12:00,"7415"
04/17/2021 13:00,"6968"
04/17/2021 14:00,"5852"
04/17/2021 15:00,"4634"
04/17/2021 16:00,"2830"
04/17/2021 17:00,"1563"
04/17/2021 18:00,"912"
04/17/2021 19:00,"118"
04/17/2021 20:00,"0"
04/18/2021 06:00,"34"
04/18/2021 07:00,"670"
04/18/2021 08:00,"2420"
04/18/2021 09:00,"3968"
04/18/2021 10:00,"4828"
04/18/2021 11:00,"6024"
04/18/2021 12:00,"5921"
04/18/2021 13:00,"5864"
04/18/2021 14:00,"4708"
04/18/2021 15:00,"3916"
04/18/2021 16:00,"2397"
04/18/2021 17:00,"536"
04/18/2021 18:00,"171"
04/18/2021 19:00,"84"
04/19/2021 02:00,"0"
04/19/2021 06:00,"3"
04/19/2021 07:00,"200"
04/19/2021 08:00,"581"
04/19/2021 09:00,"1320"
04/19/2021 10:00,"2555"
04/19/2021 11:00,"3675"
04/19/2021 12:00,"2215"
04/19/2021 13:00,"1844"
04/19/2021 14:00,"3256"
04/19/2021 15:00,"1804"
04/19/2021 16:00,"1724"
04/19/2021 17:00,"1251"
04/19/2021 18:00,"964"
04/19/2021 19:00,"186"
04/19/2021 20:00,"0"
04/20/2021 06:00,"35"
04/20/2021 07:00,"571"
04/20/2021 08:00,"1459"
04/20/2021 09:00,"4155"
04/20/2021 10:00,"5097"
04/20/2021 11:00,"2997"
04/20/2021 12:00,"4245"
04/20/2021 13:00,"3097"
04/20/2021 14:00,"4016"
04/20/2021 15:00,"3688"
04/20/2021 16:00,"3024"
04/20/2021 17:00,"2289"
04/20/2021 18:00,"916"
04/20/2021 19:00,"205"
04/20/2021 20:00,"0"
04/21/2021 02:00,"0"
04/21/2021 06:00,"39"
04/21/2021 07:00,"494"
04/21/2021 08:00,"1322"
04/21/2021 09:00,"3065"
04/21/2021 10:00,"4856"
04/21/2021 11:00,"5378"
04/21/2021 12:00,"4497"
04/21/2021 13:00,"3730"
04/21/2021 14:00,"2703"
04/21/2021 15:00,"4474"
04/21/2021 16:00,"2601"
04/21/2021 17:00,"1985"
04/21/2021 18:00,"788"
04/21/2021 19:00,"191"
04/21/2021 20:00,"0"
04/22/2021 06:00,"49"
04/22/2021 07:00,"699"
04/22/2021 08:00,"2499"
04/22/2021 09:00,"4035"
04/22/2021 10:00,"5714"
04/22/2021 11:00,"7095"
04/22/2021 12:00,"7707"
04/22/2021 13:00,"7636"
04/22/2021 14:00,"7408"
04/22/2021 15:00,"6563"
04/22/2021 16:00,"4755"
04/22/2021 17:00,"2903"
04/22/2021 18:00,"1309"
04/22/2021 19:00,"150"
04/22/2021 20:00,"0"
04/23/2021 02:00,"0"
04/23/2021 06:00,"0"
04/23/2021 07:00,"111"
04/23/2021 08:00,"786"
04/23/2021 09:00,"1097"
04/23/2021 10:00,"1915"
04/23/2021 11:00,"1747"
04/23/2021 12:00,"1133"
04/23/2021 13:00,"1249"
04/23/2021 14:00,"664"
04/23/2021 15:00,"644"
04/23/2021 16:00,"439"
04/23/2021 17:00,"850"
04/23/2021 18:00,"485"
04/23/2021 19:00,"45"
04/23/2021 20:00,"0"
04/24/2021 06:00,"0"
04/24/2021 07:00,"45"
04/24/2021 08:00,"279"
04/24/2021 09:00,"1123"
04/24/2021 10:00,"1610"
04/24/2021 11:00,"2557"
04/24/2021 12:00,"2312"
04/24/2021 13:00,"2216"
04/24/2021 14:00,"5204"
04/24/2021 15:00,"6002"
04/24/2021 16:00,"5510"
04/24/2021 17:00,"3584"
04/24/2021 18:00,"1590"
04/24/2021 19:00,"186"
04/24/2021 20:00,"0"
04/25/2021 02:00,"0"
04/25/2021 06:00,"37"
04/25/2021 07:00,"448"
04/25/2021 08:00,"1154"
04/25/2021 09:00,"1014"
04/25/2021 10:00,"3075"
04/25/2021 11:00,"3202"
04/25/2021 12:00,"2193"
04/25/2021 13:00,"2504"
04/25/2021 14:00,"636"
04/25/2021 15:00,"986"
04/25/2021 16:00,"1522"
04/25/2021 17:00,"1305"
04/25/2021 18:00,"459"
04/25/2021 19:00,"7"
04/25/2021 22:00,"0"
04/26/2021 07:00,"180"
04/26/2021 08:00,"1347"
04/26/2021 09:00,"2011"
04/26/2021 10:00,"2390"
04/26/2021 11:00,"2376"
04/26/2021 12:00,"3008"
04/26/2021 13:00,"4649"
04/26/2021 14:00,"463"
04/26/2021 15:00,"407"
04/26/2021 16:00,"434"
04/26/2021 17:00,"826"
04/26/2021 18:00,"525"
04/26/2021 19:00,"80"
04/26/2021 20:00,"0"
04/27/2021 04:00,"0"
04/27/2021 06:00,"31"
04/27/2021 07:00,"588"
04/27/2021 08:00,"527"
04/27/2021 09:00,"1040"
04/27/2021 10:00,"3182"
04/27/2021 11:00,"2247"
04/27/2021 12:00,"2489"
04/27/2021 13:00,"863"
04/27/2021 14:00,"332"
04/27/2021 15:00,"1250"
04/27/2021 16:00,"575"
04/27/2021 17:00,"149"
04/27/2021 18:00,"22"
04/27/2021 19:00,"6"
04/28/2021 00:00,"0"
04/28/2021 06:00,"70"
04/28/2021 07:00,"818"
04/28/2021 08:00,"2589"
04/28/2021 09:00,"4157"
04/28/2021 10:00,"5284"
04/28/2021 11:00,"3674"
04/28/2021 12:00,"3668"
04/28/2021 13:00,"7020"
04/28/2021 14:00,"4350"
04/28/2021 15:00,"6144"
04/28/2021 16:00,"5212"
04/28/2021 17:00,"3388"
04/28/2021 18:00,"1336"
04/28/2021 19:00,"167"
04/28/2021 20:00,"0"
04/29/2021 06:00,"78"
04/29/2021 07:00,"763"
04/29/2021 08:00,"2213"
04/29/2021 09:00,"3881"
04/29/2021 10:00,"5542"
04/29/2021 11:00,"6669"
04/29/2021 12:00,"7293"
04/29/2021 13:00,"7812"
04/29/2021 14:00,"7517"
04/29/2021 15:00,"6707"
04/29/2021 16:00,"5409"
04/29/2021 17:00,"3385"
04/29/2021 18:00,"1241"
04/29/2021 19:00,"195"
04/29/2021 20:00,"0"
04/30/2021 02:00,"0"
04/30/2021 06:00,"78"
04/30/2021 07:00,"860"
04/30/2021 08:00,"2831"
04/30/2021 09:00,"4334"
04/30/2021 10:00,"5977"
04/30/2021 11:00,"7372"
04/30/2021 12:00,"7808"
04/30/2021 13:00,"7746"
04/30/2021 14:00,"6974"
04/30/2021 15:00,"5361"
04/30/2021 16:00,"2682"
04/30/2021 17:00,"2542"
04/30/2021 18:00,"1123"
04/30/2021 19:00,"298"
04/30/2021 20:00,"9"
05/01/2021 06:00,"62"
05/01/2021 07:00,"777"
05/01/2021 08:00,"2592"
05/01/2021 09:00,"4040"
05/01/2021 10:00,"5201"
05/01/2021 11:00,"6478"
05/01/2021 12:00,"7273"
05/01/2021 13:00,"7508"
05/01/2021 14:00,"6126"
05/01/2021 15:00,"4148"
05/01/2021 16:00,"2793"
05/01/2021 17:00,"2429"
05/01/2021 18:00,"935"
05/01/2021 19:00,"211"
05/01/2021 20:00,"19"
05/02/2021 02:00,"0"
05/02/2021 05:00,"0"
05/02/2021 06:00,"181"
05/02/2021 07:00,"293"
05/02/2021 08:00,"607"
05/02/2021 09:00,"1691"
05/02/2021 10:00,"1095"
05/02/2021 11:00,"1238"
05/02/2021 12:00,"1154"
05/02/2021 13:00,"1537"
05/02/2021 14:00,"601"
05/02/2021 15:00,"951"
05/02/2021 16:00,"1322"
05/02/2021 17:00,"425"
05/02/2021 18:00,"75"
05/02/2021 19:00,"0"
05/02/2021 22:00,"0"
05/03/2021 06:00,"81"
05/03/2021 07:00,"762"
05/03/2021 08:00,"1849"
05/03/2021 09:00,"3073"
05/03/2021 10:00,"4690"
05/03/2021 11:00,"5665"
05/03/2021 12:00,"6607"
05/03/2021 13:00,"7489"
05/03/2021 14:00,"6055"
05/03/2021 15:00,"2423"
05/03/2021 16:00,"2724"
05/03/2021 17:00,"2316"
05/03/2021 18:00,"1085"
05/03/2021 19:00,"154"
05/03/2021 20:00,"0"
05/04/2021 04:00,"0"
05/04/2021 05:00,"0"
05/04/2021 06:00,"92"
05/04/2021 07:00,"875"
05/04/2021 08:00,"2811"
05/04/2021 09:00,"4311"
05/04/2021 10:00,"5890"
05/04/2021 11:00,"5795"
05/04/2021 12:00,"4745"
05/04/2021 13:00,"5956"
05/04/2021 14:00,"5607"
05/04/2021 15:00,"5699"
05/04/2021 16:00,"4990"
05/04/2021 17:00,"2971"
05/04/2021 18:00,"1343"
05/04/2021 19:00,"229"
05/04/2021 20:00,"3"
05/05/2021 00:00,"0"
05/05/2021 05:00,"0"
05/05/2021 06:00,"98"
05/05/2021 07:00,"907"
05/05/2021 08:00,"2502"
05/05/2021 09:00,"3642"
05/05/2021 10:00,"3012"
05/05/2021 11:00,"2827"
05/05/2021 12:00,"1929"
05/05/2021 13:00,"1259"
05/05/2021 14:00,"1255"
05/05/2021 15:00,"1150"
05/05/2021 16:00,"1307"
05/05/2021 17:00,"863"
05/05/2021 18:00,"644"
05/05/2021 19:00,"132"
05/05/2021 20:00,"0"
05/06/2021 05:00,"0"
05/06/2021 06:00,"213"
05/06/2021 07:00,"530"
05/06/2021 08:00,"1392"
05/06/2021 09:00,"3634"
05/06/2021 10:00,"5566"
05/06/2021 11:00,"5871"
05/06/2021 12:00,"6255"
05/06/2021 13:00,"7619"
05/06/2021 14:00,"5704"
05/06/2021 15:00,"6713"
05/06/2021 16:00,"4602"
05/06/2021 17:00,"2293"
05/06/2021 18:00,"1113"
05/06/2021 19:00,"204"
05/06/2021 20:00,"0"
05/07/2021 00:00,"0"
05/07/2021 05:00,"0"
05/07/2021 06:00,"106"
05/07/2021 07:00,"984"
05/07/2021 08:00,"2934"
05/07/2021 09:00,"4491"
05/07/2021 10:00,"5720"
05/07/2021 11:00,"5575"
05/07/2021 12:00,"6436"
05/07/2021 13:00,"7145"
05/07/2021 14:00,"7731"
05/07/2021 15:00,"5769"
05/07/2021 16:00,"3804"
05/07/2021 17:00,"2501"
05/07/2021 18:00,"1453"
05/07/2021 19:00,"239"
05/07/2021 20:00,"9"
05/08/2021 05:00,"0"
05/08/2021 06:00,"188"
05/08/2021 07:00,"981"
05/08/2021 08:00,"2975"
05/08/2021 09:00,"4409"
05/08/2021 10:00,"5068"
05/08/2021 11:00,"5695"
05/08/2021 12:00,"4287"
05/08/2021 13:00,"4208"
05/08/2021 14:00,"3416"
05/08/2021 15:00,"3033"
05/08/2021 16:00,"2534"
05/08/2021 17:00,"1356"
05/08/2021 18:00,"1004"
05/08/2021 19:00,"192"
05/08/2021 20:00,"1"
05/09/2021 00:00,"0"
05/09/2021 05:00,"0"
05/09/2021 06:00,"154"
05/09/2021 07:00,"987"
05/09/2021 08:00,"2886"
05/09/2021 09:00,"4482"
05/09/2021 10:00,"5909"
05/09/2021 11:00,"5993"
05/09/2021 12:00,"6174"
05/09/2021 13:00,"5437"
05/09/2021 14:00,"6710"
05/09/2021 15:00,"5487"
05/09/2021 16:00,"5485"
05/09/2021 17:00,"3175"
05/09/2021 18:00,"1454"
05/09/2021 19:00,"245"
05/09/2021 20:00,"13"
05/10/2021 06:00,"16"
05/10/2021 07:00,"504"
05/10/2021 08:00,"983"
05/10/2021 09:00,"3528"
05/10/2021 10:00,"3770"
05/10/2021 11:00,"4698"
05/10/2021 12:00,"4466"
05/10/2021 13:00,"4300"
05/10/2021 14:00,"4754"
05/10/2021 15:00,"3652"
05/10/2021 16:00,"4116"
05/10/2021 17:00,"2123"
05/10/2021 18:00,"971"
05/10/2021 19:00,"157"
05/10/2021 20:00,"8"
05/11/2021 00:00,"0"
05/11/2021 05:00,"0"
05/11/2021 06:00,"136"
05/11/2021 07:00,"1016"
05/11/2021 08:00,"3027"
05/11/2021 09:00,"4519"
05/11/2021 10:00,"5994"
05/11/2021 11:00,"6065"
05/11/2021 12:00,"6821"
05/11/2021 13:00,"7808"
05/11/2021 14:00,"7507"
05/11/2021 15:00,"6720"
05/11/2021 16:00,"5285"
05/11/2021 17:00,"3567"
05/11/2021 18:00,"1429"
05/11/2021 19:00,"253"
05/11/2021 20:00,"15"
05/12/2021 05:00,"0"
05/12/2021 06:00,"139"
05/12/2021 07:00,"1001"
05/12/2021 08:00,"2888"
05/12/2021 09:00,"4316"
05/12/2021 10:00,"5754"
05/12/2021 11:00,"7107"
05/12/2021 12:00,"7668"
05/12/2021 13:00,"7773"
05/12/2021 14:00,"7404"
05/12/2021 15:00,"6589"
05/12/2021 16:00,"5096"
05/12/2021 17:00,"3085"
05/12/2021 18:00,"951"
05/12/2021 19:00,"259"
05/12/2021 20:00,"17"
05/13/2021 00:00,"0"
05/13/2021 05:00,"0"
05/13/2021 06:00,"151"
05/13/2021 07:00,"944"
05/13/2021 08:00,"2822"
05/13/2021 09:00,"4276"
05/13/2021 10:00,"5725"
05/13/2021 11:00,"7040"
05/13/2021 12:00,"7741"
05/13/2021 13:00,"6475"
05/13/2021 14:00,"5142"
05/13/2021 15:00,"5717"
05/13/2021 16:00,"3836"
05/13/2021 17:00,"2809"
05/13/2021 18:00,"1189"
05/13/2021 19:00,"346"
05/13/2021 20:00,"9"
05/14/2021 05:00,"0"
05/14/2021 06:00,"109"
05/14/2021 07:00,"252"
05/14/2021 08:00,"843"
05/14/2021 09:00,"2490"
05/14/2021 10:00,"4047"
05/14/2021 11:00,"3332"
05/14/2021 12:00,"3189"
05/14/2021 13:00,"2490"
05/14/2021 14:00,"1675"
05/14/2021 15:00,"966"
05/14/2021 16:00,"965"
05/14/2021 17:00,"1314"
05/14/2021 18:00,"504"
05/14/2021 19:00,"2"
05/14/2021 20:00,"0"
05/15/2021 00:00,"0"
05/15/2021 05:00,"0"
05/15/2021 06:00,"141"
05/15/2021 07:00,"889"
05/15/2021 08:00,"2708"
05/15/2021 09:00,"3803"
05/15/2021 10:00,"5149"
05/15/2021 11:00,"6417"
05/15/2021 12:00,"7048"
05/15/2021 13:00,"5366"
05/15/2021 14:00,"5174"
05/15/2021 15:00,"5087"
05/15/2021 16:00,"4792"
05/15/2021 17:00,"3399"
05/15/2021 18:00,"875"
05/15/2021 19:00,"295"
05/15/2021 20:00,"16"
05/16/2021 05:00,"0"
05/16/2021 06:00,"117"
05/16/2021 07:00,"322"
05/16/2021 08:00,"617"
05/16/2021 09:00,"1111"
05/16/2021 10:00,"2143"
05/16/2021 11:00,"3144"
05/16/2021 12:00,"3863"
05/16/2021 13:00,"4660"
05/16/2021 14:00,"6051"
05/16/2021 15:00,"5335"
05/16/2021 16:00,"3324"
05/16/2021 17:00,"2182"
05/16/2021 18:00,"1242"
05/16/2021 19:00,"303"
05/16/2021 20:00,"30"
05/17/2021 00:00,"0"
05/17/2021 05:00,"0"
05/17/2021 06:00,"177"
05/17/2021 07:00,"974"
05/17/2021 08:00,"2678"
05/17/2021 09:00,"3890"
05/17/2021 10:00,"5330"
05/17/2021 11:00,"6732"
05/17/2021 12:00,"7427"
05/17/2021 13:00,"7476"
05/17/2021 14:00,"7187"
05/17/2021 15:00,"6365"
05/17/2021 16:00,"5037"
05/17/2021 17:00,"3327"
05/17/2021 18:00,"1373"
05/17/2021 19:00,"275"
05/17/2021 20:00,"23"
05/18/2021 05:00,"0"
05/18/2021 06:00,"151"
05/18/2021 07:00,"912"
05/18/2021 08:00,"2631"
05/18/2021 09:00,"3777"
05/18/2021 10:00,"5056"
05/18/2021 11:00,"6270"
05/18/2021 12:00,"4779"
05/18/2021 13:00,"2341"
05/18/2021 14:00,"742"
05/18/2021 15:00,"1446"
05/18/2021 16:00,"484"
05/18/2021 17:00,"239"
05/18/2021 18:00,"144"
05/18/2021 19:00,"46"
05/18/2021 20:00,"2"
05/19/2021 00:00,"0"
05/19/2021 05:00,"0"
05/19/2021 06:00,"102"
05/19/2021 07:00,"765"
05/19/2021 08:00,"943"
05/19/2021 09:00,"1305"
05/19/2021 10:00,"2258"
05/19/2021 11:00,"2938"
05/19/2021 12:00,"2780"
05/19/2021 13:00,"3760"
05/19/2021 14:00,"2746"
05/19/2021 15:00,"2237"
05/19/2021 16:00,"1479"
05/19/2021 17:00,"959"
05/19/2021 18:00,"491"
05/19/2021 19:00,"145"
05/19/2021 20:00,"0"
05/20/2021 05:00,"0"
05/20/2021 06:00,"95"
05/20/2021 07:00,"439"
05/20/2021 08:00,"286"
05/20/2021 09:00,"344"
05/20/2021 10:00,"354"
05/20/2021 11:00,"534"
05/20/2021 12:00,"1830"
05/20/2021 13:00,"2069"
05/20/2021 14:00,"2567"
05/20/2021 15:00,"1963"
05/20/2021 16:00,"1131"
05/20/2021 17:00,"890"
05/20/2021 18:00,"577"
05/20/2021 19:00,"222"
05/20/2021 20:00,"0"
05/21/2021 00:00,"0"
05/21/2021 06:00,"6"
05/21/2021 07:00,"139"
05/21/2021 08:00,"437"
05/21/2021 09:00,"1323"
05/21/2021 10:00,"2797"
05/21/2021 11:00,"1645"
05/21/2021 12:00,"2778"
05/21/2021 13:00,"3216"
05/21/2021 14:00,"4373"
05/21/2021 15:00,"3845"
05/21/2021 16:00,"4369"
05/21/2021 17:00,"2363"
05/21/2021 18:00,"1215"
05/21/2021 19:00,"389"
05/21/2021 20:00,"41"
05/22/2021 05:00,"1"
05/22/2021 06:00,"224"
05/22/2021 07:00,"744"
05/22/2021 08:00,"1397"
05/22/2021 09:00,"2595"
05/22/2021 10:00,"3846"
05/22/2021 11:00,"5996"
05/22/2021 12:00,"6274"
05/22/2021 13:00,"5100"
05/22/2021 14:00,"3929"
05/22/2021 15:00,"3240"
05/22/2021 16:00,"2773"
05/22/2021 17:00,"3028"
05/22/2021 18:00,"1352"
05/22/2021 19:00,"320"
05/22/2021 20:00,"34"
05/23/2021 00:00,"0"
05/23/2021 05:00,"0"
05/23/2021 06:00,"126"
05/23/2021 07:00,"526"
05/23/2021 08:00,"1519"
05/23/2021 09:00,"2030"
05/23/2021 10:00,"2319"
05/23/2021 11:00,"1552"
05/23/2021 12:00,"2835"
05/23/2021 13:00,"2604"
05/23/2021 14:00,"2502"
05/23/2021 15:00,"4852"
05/23/2021 16:00,"4449"
05/23/2021 17:00,"2889"
05/23/2021 18:00,"726"
05/23/2021 19:00,"569"
05/23/2021 20:00,"70"
05/24/2021 05:00,"3"
05/24/2021 06:00,"286"
05/24/2021 07:00,"881"
05/24/2021 08:00,"1906"
05/24/2021 09:00,"2345"
05/24/2021 10:00,"3096"
05/24/2021 11:00,"1843"
05/24/2021 12:00,"3062"
05/24/2021 13:00,"4633"
05/24/2021 14:00,"5818"
05/24/2021 15:00,"6171"
05/24/2021 16:00,"4951"
05/24/2021 17:00,"3114"
05/24/2021 18:00,"1450"
05/24/2021 19:00,"522"
05/24/2021 20:00,"22"
05/25/2021 00:00,"0"
05/25/2021 05:00,"7"
05/25/2021 06:00,"21"
05/25/2021 07:00,"915"
05/25/2021 08:00,"1709"
05/25/2021 09:00,"2730"
05/25/2021 10:00,"4887"
05/25/2021 11:00,"5471"
05/25/2021 12:00,"5447"
05/25/2021 13:00,"6729"
05/25/2021 14:00,"6793"
05/25/2021 15:00,"6493"
05/25/2021 16:00,"4512"
05/25/2021 17:00,"3260"
05/25/2021 18:00,"1464"
05/25/2021 19:00,"288"
05/25/2021 20:00,"28"
05/26/2021 05:00,"6"
05/26/2021 06:00,"171"
05/26/2021 07:00,"1007"
05/26/2021 08:00,"2912"
05/26/2021 09:00,"3991"
05/26/2021 10:00,"5240"
05/26/2021 11:00,"6860"
05/26/2021 12:00,"7623"
05/26/2021 13:00,"7672"
05/26/2021 14:00,"7503"
05/26/2021 15:00,"6713"
05/26/2021 16:00,"5403"
05/26/2021 17:00,"2877"
05/26/2021 18:00,"1020"
05/26/2021 19:00,"365"
05/26/2021 20:00,"8"
05/27/2021 00:00,"0"
05/27/2021 06:00,"1"
05/27/2021 07:00,"55"
05/27/2021 08:00,"199"
05/27/2021 09:00,"274"
05/27/2021 10:00,"461"
05/27/2021 11:00,"877"
05/27/2021 12:00,"956"
05/27/2021 13:00,"936"
05/27/2021 14:00,"1317"
05/27/2021 15:00,"1115"
05/27/2021 16:00,"586"
05/27/2021 17:00,"525"
05/27/2021 18:00,"290"
05/27/2021 19:00,"155"
05/27/2021 20:00,"3"
05/28/2021 05:00,"0"
05/28/2021 06:00,"194"
05/28/2021 07:00,"995"
05/28/2021 08:00,"3019"
05/28/2021 09:00,"4021"
05/28/2021 10:00,"5809"
05/28/2021 11:00,"7237"
05/28/2021 12:00,"7739"
05/28/2021 13:00,"7779"
05/28/2021 14:00,"7704"
05/28/2021 15:00,"6936"
05/28/2021 16:00,"5601"
05/28/2021 17:00,"3807"
05/28/2021 18:00,"1577"
05/28/2021 19:00,"305"
05/28/2021 20:00,"45"
05/29/2021 00:00,"0"
05/29/2021 05:00,"10"
05/29/2021 06:00,"211"
05/29/2021 07:00,"1079"
05/29/2021 08:00,"3022"
05/29/2021 09:00,"4057"
05/29/2021 10:00,"5539"
05/29/2021 11:00,"7062"
05/29/2021 12:00,"7684"
05/29/2021 13:00,"7637"
05/29/2021 14:00,"7583"
05/29/2021 15:00,"6735"
05/29/2021 16:00,"5065"
05/29/2021 17:00,"2432"
05/29/2021 18:00,"1394"
05/29/2021 19:00,"481"
05/29/2021 20:00,"61"
05/30/2021 05:00,"0"
05/30/2021 06:00,"38"
05/30/2021 07:00,"276"
05/30/2021 08:00,"427"
05/30/2021 09:00,"723"
05/30/2021 10:00,"446"
05/30/2021 11:00,"512"
05/30/2021 12:00,"1286"
05/30/2021 13:00,"782"
05/30/2021 14:00,"752"
05/30/2021 15:00,"882"
05/30/2021 16:00,"1095"
05/30/2021 17:00,"846"
05/30/2021 18:00,"1211"
05/30/2021 19:00,"422"
05/30/2021 20:00,"55"
05/31/2021 00:00,"0"
05/31/2021 05:00,"0"
05/31/2021 06:00,"134"
05/31/2021 07:00,"609"
05/31/2021 08:00,"1635"
05/31/2021 09:00,"3461"
05/31/2021 10:00,"5343"
05/31/2021 11:00,"6541"
05/31/2021 12:00,"7071"
05/31/2021 13:00,"7045"
05/31/2021 14:00,"5681"
05/31/2021 15:00,"5744"
05/31/2021 16:00,"5129"
05/31/2021 17:00,"3596"
05/31/2021 18:00,"1507"
05/31/2021 19:00,"298"
05/31/2021 20:00,"44"
06/01/2021 05:00,"11"
06/01/2021 06:00,"202"
06/01/2021 07:00,"1038"
06/01/2021 08:00,"2835"
06/01/2021 09:00,"3778"
06/01/2021 10:00,"5271"
06/01/2021 11:00,"6474"
06/01/2021 12:00,"7158"
06/01/2021 13:00,"6886"
06/01/2021 14:00,"6568"
06/01/2021 15:00,"6227"
06/01/2021 16:00,"5116"
06/01/2021 17:00,"3035"
06/01/2021 18:00,"1097"
06/01/2021 19:00,"362"
06/01/2021 20:00,"80"
06/02/2021 00:00,"0"
06/02/2021 05:00,"0"
06/02/2021 06:00,"25"
06/02/2021 07:00,"393"
06/02/2021 08:00,"786"
06/02/2021 09:00,"919"
06/02/2021 10:00,"2691"
06/02/2021 11:00,"2971"
06/02/2021 12:00,"7355"
06/02/2021 13:00,"6998"
06/02/2021 14:00,"6269"
06/02/2021 15:00,"6179"
06/02/2021 16:00,"4828"
06/02/2021 17:00,"785"
06/02/2021 18:00,"1212"
06/02/2021 19:00,"198"
06/02/2021 20:00,"94"
06/03/2021 05:00,"2"
06/03/2021 06:00,"226"
06/03/2021 07:00,"962"
06/03/2021 08:00,"2703"
06/03/2021 09:00,"3107"
06/03/2021 10:00,"4531"
06/03/2021 11:00,"5952"
06/03/2021 12:00,"6648"
06/03/2021 13:00,"6651"
06/03/2021 14:00,"6427"
06/03/2021 15:00,"3464"
06/03/2021 16:00,"1958"
06/03/2021 17:00,"1758"
06/03/2021 18:00,"793"
06/03/2021 19:00,"308"
06/03/2021 20:00,"54"
06/04/2021 00:00,"0"
06/04/2021 05:00,"5"
06/04/2021 06:00,"188"
06/04/2021 07:00,"940"
06/04/2021 08:00,"2666"
06/04/2021 09:00,"3632"
06/04/2021 10:00,"5097"
06/04/2021 11:00,"6257"
06/04/2021 12:00,"6696"
06/04/2021 13:00,"6748"
06/04/2021 14:00,"6682"
06/04/2021 15:00,"6063"
06/04/2021 16:00,"4892"
06/04/2021 17:00,"3326"
06/04/2021 18:00,"1425"
06/04/2021 19:00,"281"
06/04/2021 20:00,"46"
06/05/2021 05:00,"4"
06/05/2021 06:00,"253"
06/05/2021 07:00,"943"
06/05/2021 08:00,"2344"
06/05/2021 09:00,"3467"
06/05/2021 10:00,"4802"
06/05/2021 11:00,"6115"
06/05/2021 12:00,"6597"
06/05/2021 13:00,"6048"
06/05/2021 14:00,"6540"
06/05/2021 15:00,"5943"
06/05/2021 16:00,"4750"
06/05/2021 17:00,"3222"
06/05/2021 18:00,"828"
06/05/2021 19:00,"453"
06/05/2021 20:00,"79"
06/06/2021 00:00,"0"
06/06/2021 05:00,"8"
06/06/2021 06:00,"212"
06/06/2021 07:00,"847"
06/06/2021 08:00,"2358"
06/06/2021 09:00,"3673"
06/06/2021 10:00,"5168"
06/06/2021 11:00,"6269"
06/06/2021 12:00,"6583"
06/06/2021 13:00,"6771"
06/06/2021 14:00,"6669"
06/06/2021 15:00,"6066"
06/06/2021 16:00,"4676"
06/06/2021 17:00,"2708"
06/06/2021 18:00,"1470"
06/06/2021 19:00,"317"
06/06/2021 20:00,"58"
06/06/2021 21:00,"0"
06/07/2021 05:00,"7"
06/07/2021 06:00,"200"
06/07/2021 07:00,"816"
06/07/2021 08:00,"2473"
06/07/2021 09:00,"3448"
06/07/2021 10:00,"4839"
06/07/2021 11:00,"5337"
06/07/2021 12:00,"4902"
06/07/2021 13:00,"5819"
06/07/2021 14:00,"5942"
06/07/2021 15:00,"5747"
06/07/2021 16:00,"4132"
06/07/2021 17:00,"2848"
06/07/2021 18:00,"1382"
06/07/2021 19:00,"314"
06/07/2021 20:00,"64"
06/08/2021 00:00,"0"
06/08/2021 05:00,"6"
06/08/2021 06:00,"314"
06/08/2021 07:00,"857"
06/08/2021 08:00,"2304"
06/08/2021 09:00,"2558"
06/08/2021 10:00,"4494"
06/08/2021 11:00,"5736"
06/08/2021 12:00,"6387"
06/08/2021 13:00,"6496"
06/08/2021 14:00,"5480"
06/08/2021 15:00,"5778"
06/08/2021 16:00,"3229"
06/08/2021 17:00,"2015"
06/08/2021 18:00,"1526"
06/08/2021 19:00,"300"
06/08/2021 20:00,"30"
06/09/2021 05:00,"14"
06/09/2021 06:00,"309"
06/09/2021 07:00,"959"
06/09/2021 08:00,"2390"
06/09/2021 09:00,"3317"
06/09/2021 10:00,"4059"
06/09/2021 11:00,"5749"
06/09/2021 12:00,"6382"
06/09/2021 13:00,"6308"
06/09/2021 14:00,"6062"
06/09/2021 15:00,"5100"
06/09/2021 16:00,"4513"
06/09/2021 17:00,"1216"
06/09/2021 18:00,"1430"
06/09/2021 19:00,"1169"
06/09/2021 20:00,"155"
06/09/2021 21:00,"0"
06/10/2021 00:00,"0"
06/10/2021 05:00,"9"
06/10/2021 06:00,"200"
06/10/2021 07:00,"889"
06/10/2021 08:00,"2495"
06/10/2021 09:00,"3393"
06/10/2021 10:00,"4734"
06/10/2021 11:00,"5862"
06/10/2021 12:00,"6424"
06/10/2021 13:00,"6258"
06/10/2021 14:00,"4606"
06/10/2021 15:00,"4521"
06/10/2021 16:00,"4068"
06/10/2021 17:00,"3252"
06/10/2021 18:00,"1373"
06/10/2021 19:00,"313"
06/10/2021 20:00,"55"
06/10/2021 21:00,"0"
06/11/2021 05:00,"12"
06/11/2021 06:00,"323"
06/11/2021 07:00,"686"
06/11/2021 08:00,"2396"
06/11/2021 09:00,"1846"
06/11/2021 10:00,"3065"
06/11/2021 11:00,"1608"
06/11/2021 12:00,"2820"
06/11/2021 13:00,"5115"
06/11/2021 14:00,"5968"
06/11/2021 15:00,"6096"
06/11/2021 16:00,"4940"
06/11/2021 17:00,"3080"
06/11/2021 18:00,"1277"
06/11/2021 19:00,"487"
06/11/2021 20:00,"68"
06/11/2021 21:00,"0"
06/12/2021 00:00,"0"
06/12/2021 05:00,"14"
06/12/2021 06:00,"196"
06/12/2021 07:00,"975"
06/12/2021 08:00,"2829"
06/12/2021 09:00,"3825"
06/12/2021 10:00,"5190"
06/12/2021 11:00,"6499"
06/12/2021 12:00,"7179"
06/12/2021 13:00,"7353"
06/12/2021 14:00,"7106"
06/12/2021 15:00,"6347"
06/12/2021 16:00,"5172"
06/12/2021 17:00,"3588"
06/12/2021 18:00,"1548"
06/12/2021 19:00,"304"
06/12/2021 20:00,"59"
06/12/2021 21:00,"0"
06/13/2021 05:00,"12"
06/13/2021 06:00,"198"
06/13/2021 07:00,"958"
06/13/2021 08:00,"2708"
06/13/2021 09:00,"3636"
06/13/2021 10:00,"4817"
06/13/2021 11:00,"6204"
06/13/2021 12:00,"6859"
06/13/2021 13:00,"6967"
06/13/2021 14:00,"6854"
06/13/2021 15:00,"6153"
06/13/2021 16:00,"5020"
06/13/2021 17:00,"3448"
06/13/2021 18:00,"1483"
06/13/2021 19:00,"299"
06/13/2021 20:00,"60"
06/13/2021 21:00,"0"
06/14/2021 00:00,"0"
06/14/2021 05:00,"14"
06/14/2021 06:00,"199"
06/14/2021 07:00,"943"
06/14/2021 08:00,"2749"
06/14/2021 09:00,"3705"
06/14/2021 10:00,"5130"
06/14/2021 11:00,"6420"
06/14/2021 12:00,"7168"
06/14/2021 13:00,"7261"
06/14/2021 14:00,"6985"
06/14/2021 15:00,"6227"
06/14/2021 16:00,"5086"
06/14/2021 17:00,"3501"
06/14/2021 18:00,"1524"
06/14/2021 19:00,"307"
06/14/2021 20:00,"63"
06/14/2021 21:00,"0"
06/15/2021 05:00,"13"
06/15/2021 06:00,"189"
06/15/2021 07:00,"928"
06/15/2021 08:00,"2758"
06/15/2021 09:00,"3722"
06/15/2021 10:00,"5092"
06/15/2021 11:00,"6356"
06/15/2021 12:00,"7082"
06/15/2021 13:00,"6998"
06/15/2021 14:00,"6674"
06/15/2021 15:00,"6133"
06/15/2021 16:00,"5168"
06/15/2021 17:00,"3002"
06/15/2021 18:00,"1435"
06/15/2021 19:00,"350"
06/15/2021 20:00,"91"
06/15/2021 21:00,"0"
06/16/2021 00:00,"0"
06/16/2021 05:00,"17"
06/16/2021 06:00,"195"
06/16/2021 07:00,"987"
06/16/2021 08:00,"2729"
06/16/2021 09:00,"3691"
06/16/2021 10:00,"5087"
06/16/2021 11:00,"6391"
06/16/2021 12:00,"7079"
06/16/2021 13:00,"7117"
06/16/2021 14:00,"6906"
06/16/2021 15:00,"6225"
06/16/2021 16:00,"4904"
06/16/2021 17:00,"3211"
06/16/2021 18:00,"1516"
06/16/2021 19:00,"502"
06/16/2021 20:00,"72"
06/16/2021 21:00,"0"
06/17/2021 05:00,"1"
06/17/2021 06:00,"147"
06/17/2021 07:00,"859"
06/17/2021 08:00,"2400"
06/17/2021 09:00,"3216"
06/17/2021 10:00,"4144"
06/17/2021 11:00,"5511"
06/17/2021 12:00,"3746"
06/17/2021 13:00,"1279"
06/17/2021 14:00,"2207"
06/17/2021 15:00,"3201"
06/17/2021 16:00,"3043"
06/17/2021 17:00,"1091"
06/17/2021 18:00,"538"
06/17/2021 19:00,"824"
06/17/2021 20:00,"101"
06/17/2021 21:00,"0"
06/18/2021 00:00,"0"
06/18/2021 05:00,"12"
06/18/2021 06:00,"194"
06/18/2021 07:00,"909"
06/18/2021 08:00,"2658"
06/18/2021 09:00,"3629"
06/18/2021 10:00,"4950"
06/18/2021 11:00,"6206"
06/18/2021 12:00,"7062"
06/18/2021 13:00,"7181"
06/18/2021 14:00,"6876"
06/18/2021 15:00,"6181"
06/18/2021 16:00,"4974"
06/18/2021 17:00,"3473"
06/18/2021 18:00,"1535"
06/18/2021 19:00,"340"
06/18/2021 20:00,"86"
06/18/2021 21:00,"0"
06/19/2021 05:00,"12"
06/19/2021 06:00,"185"
06/19/2021 07:00,"910"
06/19/2021 08:00,"2715"
06/19/2021 09:00,"3718"
06/19/2021 10:00,"4985"
06/19/2021 11:00,"6202"
06/19/2021 12:00,"6854"
06/19/2021 13:00,"6881"
06/19/2021 14:00,"6866"
06/19/2021 15:00,"5578"
06/19/2021 16:00,"3963"
06/19/2021 17:00,"3232"
06/19/2021 18:00,"1565"
06/19/2021 19:00,"313"
06/19/2021 20:00,"65"
06/19/2021 21:00,"0"
06/20/2021 00:00,"0"
06/20/2021 05:00,"0"
06/20/2021 06:00,"14"
06/20/2021 07:00,"75"
06/20/2021 08:00,"693"
06/20/2021 09:00,"1026"
06/20/2021 10:00,"1423"
06/20/2021 11:00,"3735"
06/20/2021 12:00,"1731"
06/20/2021 13:00,"528"
06/20/2021 14:00,"1614"
06/20/2021 15:00,"1108"
06/20/2021 16:00,"424"
06/20/2021 17:00,"1339"
06/20/2021 18:00,"503"
06/20/2021 19:00,"147"
06/20/2021 20:00,"17"
06/21/2021 05:00,"13"
06/21/2021 06:00,"194"
06/21/2021 07:00,"935"
06/21/2021 08:00,"2922"
06/21/2021 09:00,"2312"
06/21/2021 10:00,"4879"
06/21/2021 11:00,"4000"
06/21/2021 12:00,"5781"
06/21/2021 13:00,"4881"
06/21/2021 14:00,"5258"
06/21/2021 15:00,"4448"
06/21/2021 16:00,"3580"
06/21/2021 17:00,"1894"
06/21/2021 18:00,"1238"
06/21/2021 19:00,"549"
06/21/2021 20:00,"89"
06/21/2021 21:00,"0"
06/22/2021 00:00,"0"
06/22/2021 05:00,"9"
06/22/2021 06:00,"200"
06/22/2021 07:00,"958"
06/22/2021 08:00,"2884"
06/22/2021 09:00,"3870"
06/22/2021 10:00,"5203"
06/22/2021 11:00,"6578"
06/22/2021 12:00,"7391"
06/22/2021 13:00,"7388"
06/22/2021 14:00,"7181"
06/22/2021 15:00,"6460"
06/22/2021 16:00,"5277"
06/22/2021 17:00,"3669"
06/22/2021 18:00,"1633"
06/22/2021 19:00,"334"
06/22/2021 20:00,"73"
06/22/2021 21:00,"0"
06/23/2021 05:00,"4"
06/23/2021 06:00,"299"
06/23/2021 07:00,"936"
06/23/2021 08:00,"1280"
06/23/2021 09:00,"3234"
06/23/2021 10:00,"5060"
06/23/2021 11:00,"6483"
06/23/2021 12:00,"6695"
06/23/2021 13:00,"6210"
06/23/2021 14:00,"7061"
06/23/2021 15:00,"6186"
06/23/2021 16:00,"4853"
06/23/2021 17:00,"3396"
06/23/2021 18:00,"1545"
06/23/2021 19:00,"397"
06/23/2021 20:00,"95"
06/23/2021 21:00,"0"
06/24/2021 00:00,"0"
06/24/2021 05:00,"1"
06/24/2021 06:00,"269"
06/24/2021 07:00,"769"
06/24/2021 08:00,"1764"
06/24/2021 09:00,"2084"
06/24/2021 10:00,"1597"
06/24/2021 11:00,"4461"
06/24/2021 12:00,"3966"
06/24/2021 13:00,"4433"
06/24/2021 14:00,"4728"
06/24/2021 15:00,"4546"
06/24/2021 16:00,"2999"
06/24/2021 17:00,"1541"
06/24/2021 18:00,"1118"
06/24/2021 19:00,"759"
06/24/2021 20:00,"153"
06/24/2021 21:00,"0"
06/25/2021 05:00,"25"
06/25/2021 06:00,"293"
06/25/2021 07:00,"1022"
06/25/2021 08:00,"2326"
06/25/2021 09:00,"3558"
06/25/2021 10:00,"4996"
06/25/2021 11:00,"6193"
06/25/2021 12:00,"6397"
06/25/2021 13:00,"5013"
06/25/2021 14:00,"5006"
06/25/2021 15:00,"6086"
06/25/2021 16:00,"4691"
06/25/2021 17:00,"3022"
06/25/2021 18:00,"1967"
06/25/2021 19:00,"614"
06/25/2021 20:00,"81"
06/25/2021 21:00,"0"
06/26/2021 00:00,"0"
06/26/2021 05:00,"0"
06/26/2021 06:00,"182"
06/26/2021 07:00,"653"
06/26/2021 08:00,"1346"
06/26/2021 09:00,"1613"
06/26/2021 10:00,"1273"
06/26/2021 11:00,"1364"
06/26/2021 12:00,"702"
06/26/2021 13:00,"665"
06/26/2021 14:00,"782"
06/26/2021 15:00,"1001"
06/26/2021 16:00,"853"
06/26/2021 17:00,"591"
06/26/2021 18:00,"472"
06/26/2021 19:00,"68"
06/26/2021 20:00,"0"
06/27/2021 05:00,"11"
06/27/2021 06:00,"107"
06/27/2021 07:00,"332"
06/27/2021 08:00,"451"
06/27/2021 09:00,"1160"
06/27/2021 10:00,"2091"
06/27/2021 11:00,"5862"
06/27/2021 12:00,"4614"
06/27/2021 13:00,"3573"
06/27/2021 14:00,"2451"
06/27/2021 15:00,"3406"
06/27/2021 16:00,"4143"
06/27/2021 17:00,"1257"
06/27/2021 18:00,"1070"
06/27/2021 19:00,"104"
06/27/2021 20:00,"0"
06/28/2021 00:00,"0"
06/28/2021 05:00,"7"
06/28/2021 06:00,"190"
06/28/2021 07:00,"832"
06/28/2021 08:00,"2479"
06/28/2021 09:00,"3476"
06/28/2021 10:00,"4917"
06/28/2021 11:00,"5696"
06/28/2021 12:00,"6676"
06/28/2021 13:00,"2999"
06/28/2021 14:00,"340"
06/28/2021 15:00,"1737"
06/28/2021 16:00,"1427"
06/28/2021 17:00,"1664"
06/28/2021 18:00,"1197"
06/28/2021 19:00,"261"
06/28/2021 20:00,"84"
06/28/2021 21:00,"0"
06/29/2021 05:00,"0"
06/29/2021 06:00,"108"
06/29/2021 07:00,"484"
06/29/2021 08:00,"452"
06/29/2021 09:00,"2232"
06/29/2021 10:00,"3673"
06/29/2021 11:00,"5574"
06/29/2021 12:00,"6739"
06/29/2021 13:00,"6657"
06/29/2021 14:00,"6479"
06/29/2021 15:00,"5118"
06/29/2021 16:00,"844"
06/29/2021 17:00,"1875"
06/29/2021 18:00,"1646"
06/29/2021 19:00,"430"
06/29/2021 20:00,"83"
06/29/2021 21:00,"0"
06/30/2021 00:00,"0"
06/30/2021 05:00,"5"
06/30/2021 06:00,"190"
06/30/2021 07:00,"840"
06/30/2021 08:00,"2531"
06/30/2021 09:00,"3494"
06/30/2021 10:00,"4837"
06/30/2021 11:00,"6007"
06/30/2021 12:00,"6909"
06/30/2021 13:00,"6857"
06/30/2021 14:00,"7074"
06/30/2021 15:00,"3438"
06/30/2021 16:00,"5098"
06/30/2021 17:00,"3233"
06/30/2021 18:00,"1532"
06/30/2021 19:00,"445"
06/30/2021 20:00,"88"
06/30/2021 21:00,"0"
07/01/2021 05:00,"3"
07/01/2021 06:00,"252"
07/01/2021 07:00,"783"
07/01/2021 08:00,"2112"
07/01/2021 09:00,"2432"
07/01/2021 10:00,"4604"
07/01/2021 11:00,"5431"
07/01/2021 12:00,"4634"
07/01/2021 13:00,"4970"
07/01/2021 14:00,"2473"
07/01/2021 15:00,"3092"
07/01/2021 16:00,"3027"
07/01/2021 17:00,"1637"
07/01/2021 18:00,"1724"
07/01/2021 19:00,"511"
07/01/2021 20:00,"93"
07/01/2021 21:00,"0"
07/02/2021 00:00,"0"
07/02/2021 05:00,"0"
07/02/2021 06:00,"183"
07/02/2021 07:00,"878"
07/02/2021 08:00,"2588"
07/02/2021 09:00,"3546"
07/02/2021 10:00,"4816"
07/02/2021 11:00,"5935"
07/02/2021 12:00,"6694"
07/02/2021 13:00,"6740"
07/02/2021 14:00,"6527"
07/02/2021 15:00,"5908"
07/02/2021 16:00,"4789"
07/02/2021 17:00,"3342"
07/02/2021 18:00,"1583"
07/02/2021 19:00,"440"
07/02/2021 20:00,"110"
07/02/2021 21:00,"0"
07/03/2021 05:00,"2"
07/03/2021 06:00,"211"
07/03/2021 07:00,"767"
07/03/2021 08:00,"1998"
07/03/2021 09:00,"3059"
07/03/2021 10:00,"4283"
07/03/2021 11:00,"5455"
07/03/2021 12:00,"6162"
07/03/2021 13:00,"6410"
07/03/2021 14:00,"6103"
07/03/2021 15:00,"5702"
07/03/2021 16:00,"4605"
07/03/2021 17:00,"3109"
07/03/2021 18:00,"1425"
07/03/2021 19:00,"558"
07/03/2021 20:00,"82"
07/03/2021 21:00,"0"
07/04/2021 00:00,"0"
07/04/2021 05:00,"7"
07/04/2021 06:00,"178"
07/04/2021 07:00,"804"
07/04/2021 08:00,"2559"
07/04/2021 09:00,"3192"
07/04/2021 10:00,"4601"
07/04/2021 11:00,"5913"
07/04/2021 12:00,"6421"
07/04/2021 13:00,"6511"
07/04/2021 14:00,"6484"
07/04/2021 15:00,"6020"
07/04/2021 16:00,"4810"
07/04/2021 17:00,"3360"
07/04/2021 18:00,"1552"
07/04/2021 19:00,"429"
07/04/2021 20:00,"108"
07/04/2021 21:00,"0"
07/05/2021 05:00,"3"
07/05/2021 06:00,"183"
07/05/2021 07:00,"780"
07/05/2021 08:00,"2372"
07/05/2021 09:00,"3326"
07/05/2021 10:00,"4510"
07/05/2021 11:00,"5525"
07/05/2021 12:00,"5988"
07/05/2021 13:00,"6635"
07/05/2021 14:00,"6419"
07/05/2021 15:00,"5719"
07/05/2021 16:00,"4632"
07/05/2021 17:00,"3227"
07/05/2021 18:00,"1310"
07/05/2021 19:00,"421"
07/05/2021 20:00,"81"
07/06/2021 00:00,"0"
07/06/2021 05:00,"1"
07/06/2021 06:00,"75"
07/06/2021 07:00,"0"
07/06/2021 08:00,"151"
07/06/2021 09:00,"484"
07/06/2021 10:00,"1570"
07/06/2021 11:00,"2768"
07/06/2021 12:00,"1050"
07/06/2021 13:00,"3205"
07/06/2021 14:00,"1660"
07/06/2021 15:00,"911"
07/06/2021 16:00,"1854"
07/06/2021 17:00,"756"
07/06/2021 18:00,"319"
07/06/2021 19:00,"52"
07/06/2021 20:00,"0"
07/07/2021 05:00,"0"
07/07/2021 06:00,"81"
07/07/2021 07:00,"340"
07/07/2021 08:00,"646"
07/07/2021 09:00,"1022"
07/07/2021 10:00,"1225"
07/07/2021 11:00,"1979"
07/07/2021 12:00,"2236"
07/07/2021 13:00,"1556"
07/07/2021 14:00,"1081"
07/07/2021 15:00,"874"
07/07/2021 16:00,"1206"
07/07/2021 17:00,"1097"
07/07/2021 18:00,"525"
07/07/2021 19:00,"294"
07/07/2021 20:00,"17"
07/08/2021 00:00,"0"
07/08/2021 05:00,"4"
07/08/2021 06:00,"296"
07/08/2021 07:00,"972"
07/08/2021 08:00,"2392"
07/08/2021 09:00,"3743"
07/08/2021 10:00,"3103"
07/08/2021 11:00,"2178"
07/08/2021 12:00,"1568"
07/08/2021 13:00,"2323"
07/08/2021 14:00,"2950"
07/08/2021 15:00,"3265"
07/08/2021 16:00,"3190"
07/08/2021 17:00,"3045"
07/08/2021 18:00,"1356"
07/08/2021 19:00,"613"
07/08/2021 20:00,"113"
07/09/2021 05:00,"4"
07/09/2021 06:00,"155"
07/09/2021 07:00,"819"
07/09/2021 08:00,"2570"
07/09/2021 09:00,"1864"
07/09/2021 10:00,"3500"
07/09/2021 11:00,"4410"
07/09/2021 12:00,"4819"
07/09/2021 13:00,"4187"
07/09/2021 14:00,"4917"
07/09/2021 15:00,"2607"
07/09/2021 16:00,"3408"
07/09/2021 17:00,"1502"
07/09/2021 18:00,"1168"
07/09/2021 19:00,"541"
07/09/2021 20:00,"77"
07/10/2021 00:00,"0"
07/10/2021 05:00,"0"
07/10/2021 06:00,"191"
07/10/2021 07:00,"617"
07/10/2021 08:00,"1207"
07/10/2021 09:00,"3225"
07/10/2021 10:00,"4596"
07/10/2021 11:00,"4953"
07/10/2021 12:00,"5551"
07/10/2021 13:00,"4272"
07/10/2021 14:00,"3426"
07/10/2021 15:00,"3817"
07/10/2021 16:00,"3140"
07/10/2021 17:00,"2066"
07/10/2021 18:00,"890"
07/10/2021 19:00,"207"
07/10/2021 20:00,"28"
07/10/2021 21:00,"0"
07/11/2021 05:00,"1"
07/11/2021 06:00,"204"
07/11/2021 07:00,"776"
07/11/2021 08:00,"1672"
07/11/2021 09:00,"2753"
07/11/2021 10:00,"4051"
07/11/2021 11:00,"5277"
07/11/2021 12:00,"6002"
07/11/2021 13:00,"6296"
07/11/2021 14:00,"6251"
07/11/2021 15:00,"5506"
07/11/2021 16:00,"4262"
07/11/2021 17:00,"2818"
07/11/2021 18:00,"1451"
07/11/2021 19:00,"484"
07/11/2021 20:00,"89"
07/11/2021 21:00,"0"
07/12/2021 00:00,"0"
07/12/2021 05:00,"1"
07/12/2021 06:00,"184"
07/12/2021 07:00,"753"
07/12/2021 08:00,"2151"
07/12/2021 09:00,"3057"
07/12/2021 10:00,"4345"
07/12/2021 11:00,"5814"
07/12/2021 12:00,"6514"
07/12/2021 13:00,"6626"
07/12/2021 14:00,"6672"
07/12/2021 15:00,"5546"
07/12/2021 16:00,"4687"
07/12/2021 17:00,"3207"
07/12/2021 18:00,"1368"
07/12/2021 19:00,"437"
07/12/2021 20:00,"131"
07/12/2021 21:00,"0"
07/13/2021 05:00,"2"
07/13/2021 06:00,"199"
07/13/2021 07:00,"788"
07/13/2021 08:00,"2072"
07/13/2021 09:00,"3178"
07/13/2021 10:00,"4593"
07/13/2021 11:00,"5706"
07/13/2021 12:00,"5446"
07/13/2021 13:00,"4751"
07/13/2021 14:00,"5331"
07/13/2021 15:00,"5002"
07/13/2021 16:00,"2302"
07/13/2021 17:00,"2830"
07/13/2021 18:00,"1367"
07/13/2021 19:00,"471"
07/13/2021 20:00,"73"
07/14/2021 00:00,"0"
07/14/2021 05:00,"5"
07/14/2021 06:00,"243"
07/14/2021 07:00,"606"
07/14/2021 08:00,"681"
07/14/2021 09:00,"850"
07/14/2021 10:00,"956"
07/14/2021 11:00,"896"
07/14/2021 12:00,"597"
07/14/2021 13:00,"744"
07/14/2021 14:00,"941"
07/14/2021 15:00,"648"
07/14/2021 16:00,"1201"
07/14/2021 17:00,"1846"
07/14/2021 18:00,"1076"
07/14/2021 19:00,"321"
07/14/2021 20:00,"11"
07/15/2021 05:00,"0"
07/15/2021 06:00,"102"
07/15/2021 07:00,"657"
07/15/2021 08:00,"2055"
07/15/2021 09:00,"3264"
07/15/2021 10:00,"4671"
07/15/2021 11:00,"5897"
07/15/2021 12:00,"6513"
07/15/2021 13:00,"6659"
07/15/2021 14:00,"6697"
07/15/2021 15:00,"5425"
07/15/2021 16:00,"4611"
07/15/2021 17:00,"3311"
07/15/2021 18:00,"1675"
07/15/2021 19:00,"426"
07/15/2021 20:00,"71"
07/16/2021 00:00,"0"
07/16/2021 05:00,"0"
07/16/2021 06:00,"176"
07/16/2021 07:00,"755"
07/16/2021 08:00,"2211"
07/16/2021 09:00,"3217"
07/16/2021 10:00,"4534"
07/16/2021 11:00,"4279"
07/16/2021 12:00,"2548"
07/16/2021 13:00,"3798"
07/16/2021 14:00,"3407"
07/16/2021 15:00,"3361"
07/16/2021 16:00,"4517"
07/16/2021 17:00,"3341"
07/16/2021 18:00,"1187"
07/16/2021 19:00,"368"
07/16/2021 20:00,"41"
07/17/2021 05:00,"0"
07/17/2021 06:00,"120"
07/17/2021 07:00,"649"
07/17/2021 08:00,"1717"
07/17/2021 09:00,"2856"
07/17/2021 10:00,"4247"
07/17/2021 11:00,"5459"
07/17/2021 12:00,"6115"
07/17/2021 13:00,"6342"
07/17/2021 14:00,"6428"
07/17/2021 15:00,"5918"
07/17/2021 16:00,"4791"
07/17/2021 17:00,"3208"
07/17/2021 18:00,"1606"
07/17/2021 19:00,"426"
07/17/2021 20:00,"54"
07/18/2021 00:00,"0"
07/18/2021 05:00,"0"
07/18/2021 06:00,"156"
07/18/2021 07:00,"741"
07/18/2021 08:00,"2070"
07/18/2021 09:00,"3006"
07/18/2021 10:00,"4187"
07/18/2021 11:00,"5252"
07/18/2021 12:00,"6208"
07/18/2021 13:00,"5935"
07/18/2021 14:00,"6189"
07/18/2021 15:00,"5323"
07/18/2021 16:00,"4551"
07/18/2021 17:00,"3073"
07/18/2021 18:00,"1630"
07/18/2021 19:00,"459"
07/18/2021 20:00,"86"
07/19/2021 05:00,"0"
07/19/2021 06:00,"125"
07/19/2021 07:00,"711"
07/19/2021 08:00,"2154"
07/19/2021 09:00,"3145"
07/19/2021 10:00,"4535"
07/19/2021 11:00,"5517"
07/19/2021 12:00,"6148"
07/19/2021 13:00,"5868"
07/19/2021 14:00,"5558"
07/19/2021 15:00,"2851"
07/19/2021 16:00,"2890"
07/19/2021 17:00,"3062"
07/19/2021 18:00,"1002"
07/19/2021 19:00,"389"
07/19/2021 20:00,"67"
07/20/2021 00:00,"0"
07/20/2021 05:00,"0"
07/20/2021 06:00,"129"
07/20/2021 07:00,"527"
07/20/2021 08:00,"1439"
07/20/2021 09:00,"2666"
07/20/2021 10:00,"3878"
07/20/2021 11:00,"4890"
07/20/2021 12:00,"5542"
07/20/2021 13:00,"5726"
07/20/2021 14:00,"5504"
07/20/2021 15:00,"4353"
07/20/2021 16:00,"3499"
07/20/2021 17:00,"1211"
07/20/2021 18:00,"1398"
07/20/2021 19:00,"314"
07/20/2021 20:00,"34"
07/21/2021 06:00,"37"
07/21/2021 07:00,"494"
07/21/2021 08:00,"961"
07/21/2021 09:00,"2177"
07/21/2021 10:00,"2921"
07/21/2021 11:00,"3393"
07/21/2021 12:00,"5147"
07/21/2021 13:00,"2913"
07/21/2021 14:00,"4754"
07/21/2021 15:00,"3688"
07/21/2021 16:00,"3584"
07/21/2021 17:00,"2408"
07/21/2021 18:00,"1279"
07/21/2021 19:00,"481"
07/21/2021 20:00,"32"
07/22/2021 00:00,"0"
07/22/2021 06:00,"58"
07/22/2021 07:00,"513"
07/22/2021 08:00,"1121"
07/22/2021 09:00,"1896"
07/22/2021 10:00,"3583"
07/22/2021 11:00,"3632"
07/22/2021 12:00,"1194"
07/22/2021 13:00,"2203"
07/22/2021 14:00,"2025"
07/22/2021 15:00,"1398"
07/22/2021 16:00,"2882"
07/22/2021 17:00,"2971"
07/22/2021 18:00,"1332"
07/22/2021 19:00,"516"
07/22/2021 20:00,"34"
07/23/2021 05:00,"0"
07/23/2021 06:00,"117"
07/23/2021 07:00,"670"
07/23/2021 08:00,"1730"
07/23/2021 09:00,"2560"
07/23/2021 10:00,"4107"
07/23/2021 11:00,"5007"
07/23/2021 12:00,"5825"
07/23/2021 13:00,"4769"
07/23/2021 14:00,"4055"
07/23/2021 15:00,"1649"
07/23/2021 16:00,"707"
07/23/2021 17:00,"862"
07/23/2021 18:00,"1114"
07/23/2021 19:00,"391"
07/23/2021 20:00,"20"
07/24/2021 00:00,"0"
07/24/2021 06:00,"54"
07/24/2021 07:00,"292"
07/24/2021 08:00,"2218"
07/24/2021 09:00,"3140"
07/24/2021 10:00,"4120"
07/24/2021 11:00,"5331"
07/24/2021 12:00,"6202"
07/24/2021 13:00,"6245"
07/24/2021 14:00,"6176"
07/24/2021 15:00,"5836"
07/24/2021 16:00,"4757"
07/24/2021 17:00,"3249"
07/24/2021 18:00,"1557"
07/24/2021 19:00,"418"
07/24/2021 20:00,"51"
07/25/2021 05:00,"0"
07/25/2021 06:00,"129"
07/25/2021 07:00,"694"
07/25/2021 08:00,"2093"
07/25/2021 09:00,"3043"
07/25/2021 10:00,"4495"
07/25/2021 11:00,"5324"
07/25/2021 12:00,"6079"
07/25/2021 13:00,"6285"
07/25/2021 14:00,"6122"
07/25/2021 15:00,"5691"
07/25/2021 16:00,"4689"
07/25/2021 17:00,"3182"
07/25/2021 18:00,"1513"
07/25/2021 19:00,"398"
07/25/2021 20:00,"50"
07/26/2021 00:00,"0"
07/26/2021 05:00,"8"
07/26/2021 06:00,"148"
07/26/2021 07:00,"717"
07/26/2021 08:00,"1946"
07/26/2021 09:00,"2947"
07/26/2021 10:00,"3375"
07/26/2021 11:00,"3692"
07/26/2021 12:00,"4387"
07/26/2021 13:00,"3275"
07/26/2021 14:00,"4174"
07/26/2021 15:00,"4690"
07/26/2021 16:00,"4449"
07/26/2021 17:00,"2982"
07/26/2021 18:00,"1291"
07/26/2021 19:00,"416"
07/26/2021 20:00,"55"
07/27/2021 06:00,"27"
07/27/2021 07:00,"662"
07/27/2021 08:00,"1752"
07/27/2021 09:00,"2359"
07/27/2021 10:00,"4144"
07/27/2021 11:00,"4984"
07/27/2021 12:00,"5775"
07/27/2021 13:00,"5996"
07/27/2021 14:00,"5736"
07/27/2021 15:00,"5276"
07/27/2021 16:00,"4395"
07/27/2021 17:00,"1809"
07/27/2021 18:00,"1062"
07/27/2021 19:00,"514"
07/27/2021 20:00,"47"
07/28/2021 00:00,"0"
07/28/2021 05:00,"6"
07/28/2021 06:00,"24"
07/28/2021 08:00,"0"
07/28/2021 09:00,"305"
07/28/2021 10:00,"1235"
07/28/2021 11:00,"2082"
07/28/2021 12:00,"3826"
07/28/2021 13:00,"3767"
07/28/2021 14:00,"4814"
07/28/2021 15:00,"1945"
07/28/2021 16:00,"1660"
07/28/2021 17:00,"836"
07/28/2021 18:00,"423"
07/28/2021 19:00,"394"
07/28/2021 20:00,"32"
07/29/2021 05:00,"0"
07/29/2021 06:00,"110"
07/29/2021 07:00,"643"
07/29/2021 08:00,"1843"
07/29/2021 09:00,"2713"
07/29/2021 10:00,"3515"
07/29/2021 11:00,"3554"
07/29/2021 12:00,"3354"
07/29/2021 13:00,"3522"
07/29/2021 14:00,"5152"
07/29/2021 15:00,"2960"
07/29/2021 16:00,"2361"
07/29/2021 17:00,"1527"
07/29/2021 18:00,"601"
07/29/2021 19:00,"258"
07/29/2021 20:00,"21"
07/30/2021 00:00,"0"
07/30/2021 05:00,"0"
07/30/2021 06:00,"113"
07/30/2021 07:00,"738"
07/30/2021 08:00,"902"
07/30/2021 09:00,"1749"
07/30/2021 10:00,"3165"
07/30/2021 11:00,"3263"
07/30/2021 12:00,"2024"
07/30/2021 13:00,"1924"
07/30/2021 14:00,"1939"
07/30/2021 15:00,"3731"
07/30/2021 16:00,"3484"
07/30/2021 17:00,"2574"
07/30/2021 18:00,"1556"
07/30/2021 19:00,"404"
07/30/2021 20:00,"26"
07/31/2021 06:00,"86"
07/31/2021 07:00,"580"
07/31/2021 08:00,"1376"
07/31/2021 09:00,"2406"
07/31/2021 10:00,"3447"
07/31/2021 11:00,"4792"
07/31/2021 12:00,"5239"
07/31/2021 13:00,"5526"
07/31/2021 14:00,"4531"
07/31/2021 15:00,"4670"
07/31/2021 16:00,"3773"
07/31/2021 17:00,"2055"
07/31/2021 18:00,"1296"
07/31/2021 19:00,"418"
07/31/2021 20:00,"25"
08/01/2021 00:00,"0"
08/01/2021 06:00,"83"
08/01/2021 07:00,"688"
08/01/2021 08:00,"2098"
08/01/2021 09:00,"2948"
08/01/2021 10:00,"4540"
08/01/2021 11:00,"5602"
08/01/2021 12:00,"5646"
08/01/2021 13:00,"4199"
08/01/2021 14:00,"3904"
08/01/2021 15:00,"2807"
08/01/2021 16:00,"3975"
08/01/2021 17:00,"2647"
08/01/2021 18:00,"1060"
08/01/2021 19:00,"352"
08/01/2021 20:00,"44"
08/02/2021 06:00,"72"
08/02/2021 07:00,"629"
08/02/2021 08:00,"1467"
08/02/2021 09:00,"2750"
08/02/2021 10:00,"3909"
08/02/2021 11:00,"3725"
08/02/2021 12:00,"2289"
08/02/2021 13:00,"2487"
08/02/2021 14:00,"1564"
08/02/2021 15:00,"2596"
08/02/2021 16:00,"1446"
08/02/2021 17:00,"2689"
08/02/2021 18:00,"936"
08/02/2021 19:00,"366"
08/02/2021 20:00,"74"
08/03/2021 00:00,"0"
08/03/2021 06:00,"66"
08/03/2021 07:00,"559"
08/03/2021 08:00,"1546"
08/03/2021 09:00,"2655"
08/03/2021 10:00,"3763"
08/03/2021 11:00,"4636"
08/03/2021 12:00,"5249"
08/03/2021 13:00,"4747"
08/03/2021 14:00,"5186"
08/03/2021 15:00,"3686"
08/03/2021 16:00,"3450"
08/03/2021 17:00,"2433"
08/03/2021 18:00,"1262"
08/03/2021 19:00,"375"
08/03/2021 20:00,"10"
08/04/2021 06:00,"129"
08/04/2021 07:00,"469"
08/04/2021 08:00,"1543"
08/04/2021 09:00,"2756"
08/04/2021 10:00,"3938"
08/04/2021 11:00,"5028"
08/04/2021 12:00,"5593"
08/04/2021 13:00,"4696"
08/04/2021 14:00,"3831"
08/04/2021 15:00,"3906"
08/04/2021 16:00,"2903"
08/04/2021 17:00,"1051"
08/04/2021 18:00,"476"
08/04/2021 19:00,"333"
08/04/2021 20:00,"2"
08/05/2021 00:00,"0"
08/05/2021 06:00,"1"
08/05/2021 07:00,"106"
08/05/2021 08:00,"540"
08/05/2021 09:00,"1178"
08/05/2021 10:00,"3329"
08/05/2021 11:00,"2882"
08/05/2021 12:00,"2375"
08/05/2021 13:00,"3216"
08/05/2021 14:00,"5073"
08/05/2021 15:00,"3857"
08/05/2021 16:00,"2161"
08/05/2021 17:00,"2060"
08/05/2021 18:00,"1434"
08/05/2021 19:00,"252"
08/05/2021 20:00,"0"
08/06/2021 06:00,"64"
08/06/2021 07:00,"446"
08/06/2021 08:00,"1173"
08/06/2021 09:00,"2829"
08/06/2021 10:00,"2894"
08/06/2021 11:00,"2753"
08/06/2021 12:00,"4819"
08/06/2021 13:00,"5129"
08/06/2021 14:00,"4004"
08/06/2021 15:00,"5332"
08/06/2021 16:00,"4536"
08/06/2021 17:00,"2733"
08/06/2021 18:00,"1282"
08/06/2021 19:00,"214"
08/06/2021 20:00,"10"
08/07/2021 00:00,"0"
08/07/2021 07:00,"2"
08/07/2021 08:00,"82"
08/07/2021 09:00,"341"
08/07/2021 10:00,"831"
08/07/2021 11:00,"727"
08/07/2021 12:00,"1258"
08/07/2021 13:00,"605"
08/07/2021 14:00,"644"
08/07/2021 15:00,"591"
08/07/2021 16:00,"1063"
08/07/2021 17:00,"863"
08/07/2021 18:00,"358"
08/07/2021 19:00,"6"
08/07/2021 20:00,"0"
08/08/2021 06:00,"0"
08/08/2021 07:00,"32"
08/08/2021 08:00,"175"
08/08/2021 09:00,"1009"
08/08/2021 10:00,"1732"
08/08/2021 11:00,"1520"
08/08/2021 12:00,"1598"
08/08/2021 13:00,"1999"
08/08/2021 14:00,"1569"
08/08/2021 15:00,"1898"
08/08/2021 16:00,"1357"
08/08/2021 17:00,"628"
08/08/2021 18:00,"599"
08/08/2021 19:00,"211"
08/08/2021 20:00,"12"
08/09/2021 02:00,"0"
08/09/2021 06:00,"63"
08/09/2021 07:00,"502"
08/09/2021 08:00,"1642"
08/09/2021 09:00,"2554"
08/09/2021 10:00,"3686"
08/09/2021 11:00,"3984"
08/09/2021 12:00,"3892"
08/09/2021 13:00,"5763"
08/09/2021 14:00,"5525"
08/09/2021 15:00,"5209"
08/09/2021 16:00,"4660"
08/09/2021 17:00,"3156"
08/09/2021 18:00,"1352"
08/09/2021 19:00,"285"
08/09/2021 20:00,"10"
08/10/2021 06:00,"0"
08/10/2021 07:00,"175"
08/10/2021 08:00,"441"
08/10/2021 09:00,"352"
08/10/2021 10:00,"826"
08/10/2021 11:00,"2288"
08/10/2021 12:00,"4918"
08/10/2021 13:00,"4442"
08/10/2021 14:00,"4965"
08/10/2021 15:00,"5187"
08/10/2021 16:00,"4328"
08/10/2021 17:00,"3032"
08/10/2021 18:00,"1505"
08/10/2021 19:00,"259"
08/10/2021 20:00,"6"
08/11/2021 02:00,"0"
08/11/2021 06:00,"1"
08/11/2021 07:00,"176"
08/11/2021 08:00,"1549"
08/11/2021 09:00,"2262"
08/11/2021 10:00,"3688"
08/11/2021 11:00,"4908"
08/11/2021 12:00,"5845"
08/11/2021 13:00,"6259"
08/11/2021 14:00,"6079"
08/11/2021 15:00,"5838"
08/11/2021 16:00,"5118"
08/11/2021 17:00,"3505"
08/11/2021 18:00,"1519"
08/11/2021 19:00,"220"
08/11/2021 20:00,"4"
08/11/2021 22:00,"0"
08/12/2021 06:00,"52"
08/12/2021 07:00,"327"
08/12/2021 08:00,"838"
08/12/2021 09:00,"749"
08/12/2021 10:00,"3722"
08/12/2021 11:00,"5084"
08/12/2021 12:00,"6012"
08/12/2021 13:00,"6295"
08/12/2021 14:00,"6127"
08/12/2021 15:00,"5924"
08/12/2021 16:00,"5177"
08/12/2021 17:00,"3531"
08/12/2021 18:00,"1535"
08/12/2021 19:00,"228"
08/12/2021 20:00,"3"
08/13/2021 04:00,"0"
08/13/2021 06:00,"38"
08/13/2021 07:00,"560"
08/13/2021 08:00,"1982"
08/13/2021 09:00,"2523"
08/13/2021 10:00,"3838"
08/13/2021 11:00,"5120"
08/13/2021 12:00,"6035"
08/13/2021 13:00,"6281"
08/13/2021 14:00,"6167"
08/13/2021 15:00,"5937"
08/13/2021 16:00,"5129"
08/13/2021 17:00,"3492"
08/13/2021 18:00,"1514"
08/13/2021 19:00,"232"
08/13/2021 20:00,"1"
08/14/2021 00:00,"0"
08/14/2021 06:00,"35"
08/14/2021 07:00,"561"
08/14/2021 08:00,"1941"
08/14/2021 09:00,"2341"
08/14/2021 10:00,"3605"
08/14/2021 11:00,"4954"
08/14/2021 12:00,"5858"
08/14/2021 13:00,"6068"
08/14/2021 14:00,"5945"
08/14/2021 15:00,"5686"
08/14/2021 16:00,"4933"
08/14/2021 17:00,"3336"
08/14/2021 18:00,"1427"
08/14/2021 19:00,"211"
08/14/2021 20:00,"1"
08/15/2021 06:00,"31"
08/15/2021 07:00,"510"
08/15/2021 08:00,"1918"
08/15/2021 09:00,"2295"
08/15/2021 10:00,"3597"
08/15/2021 11:00,"5062"
08/15/2021 12:00,"5936"
08/15/2021 13:00,"6138"
08/15/2021 14:00,"6019"
08/15/2021 15:00,"5762"
08/15/2021 16:00,"5046"
08/15/2021 17:00,"3401"
08/15/2021 18:00,"1428"
08/15/2021 19:00,"201"
08/15/2021 20:00,"0"
08/16/2021 00:00,"0"
08/16/2021 06:00,"29"
08/16/2021 07:00,"518"
08/16/2021 08:00,"1889"
08/16/2021 09:00,"2351"
08/16/2021 10:00,"3509"
08/16/2021 11:00,"4955"
08/16/2021 12:00,"5753"
08/16/2021 13:00,"5812"
08/16/2021 14:00,"5568"
08/16/2021 15:00,"5074"
08/16/2021 16:00,"4171"
08/16/2021 17:00,"2819"
08/16/2021 18:00,"1321"
08/16/2021 19:00,"251"
08/16/2021 20:00,"0"
08/17/2021 06:00,"32"
08/17/2021 07:00,"471"
08/17/2021 08:00,"1516"
08/17/2021 09:00,"2328"
08/17/2021 10:00,"3304"
08/17/2021 11:00,"4491"
08/17/2021 12:00,"5182"
08/17/2021 13:00,"4661"
08/17/2021 14:00,"4615"
08/17/2021 15:00,"4054"
08/17/2021 16:00,"3766"
08/17/2021 17:00,"2382"
08/17/2021 18:00,"1192"
08/17/2021 19:00,"380"
08/17/2021 20:00,"3"
08/18/2021 00:00,"0"
08/18/2021 06:00,"28"
08/18/2021 07:00,"449"
08/18/2021 08:00,"1480"
08/18/2021 09:00,"2297"
08/18/2021 10:00,"3249"
08/18/2021 11:00,"4506"
08/18/2021 12:00,"4953"
08/18/2021 13:00,"5260"
08/18/2021 14:00,"4962"
08/18/2021 15:00,"4007"
08/18/2021 16:00,"4169"
08/18/2021 17:00,"2443"
08/18/2021 18:00,"905"
08/18/2021 19:00,"199"
08/18/2021 20:00,"0"
08/19/2021 06:00,"24"
08/19/2021 07:00,"426"
08/19/2021 08:00,"1544"
08/19/2021 09:00,"2196"
08/19/2021 10:00,"3282"
08/19/2021 11:00,"4445"
08/19/2021 12:00,"3804"
08/19/2021 13:00,"4906"
08/19/2021 14:00,"4315"
08/19/2021 15:00,"3505"
08/19/2021 16:00,"3132"
08/19/2021 17:00,"2169"
08/19/2021 18:00,"731"
08/19/2021 19:00,"201"
08/19/2021 20:00,"0"
08/20/2021 00:00,"0"
08/20/2021 06:00,"67"
08/20/2021 07:00,"490"
08/20/2021 08:00,"1355"
08/20/2021 09:00,"2012"
08/20/2021 10:00,"3339"
08/20/2021 11:00,"4704"
08/20/2021 12:00,"4038"
08/20/2021 13:00,"5114"
08/20/2021 14:00,"5443"
08/20/2021 15:00,"4316"
08/20/2021 16:00,"3647"
08/20/2021 17:00,"827"
08/20/2021 18:00,"323"
08/20/2021 19:00,"25"
08/21/2021 06:00,"6"
08/21/2021 07:00,"209"
08/21/2021 08:00,"739"
08/21/2021 09:00,"1757"
08/21/2021 10:00,"1833"
08/21/2021 11:00,"2279"
08/21/2021 12:00,"3340"
08/21/2021 13:00,"2937"
08/21/2021 14:00,"4992"
08/21/2021 15:00,"5937"
08/21/2021 16:00,"5108"
08/21/2021 17:00,"3425"
08/21/2021 18:00,"1391"
08/21/2021 19:00,"164"
08/21/2021 20:00,"0"
08/22/2021 02:00,"0"
08/22/2021 06:00,"20"
08/22/2021 07:00,"423"
08/22/2021 08:00,"1715"
08/22/2021 09:00,"2090"
08/22/2021 10:00,"3432"
08/22/2021 11:00,"4900"
08/22/2021 12:00,"5746"
08/22/2021 13:00,"5848"
08/22/2021 14:00,"5708"
08/22/2021 15:00,"5468"
08/22/2021 16:00,"4625"
08/22/2021 17:00,"2326"
08/22/2021 18:00,"361"
08/22/2021 19:00,"5"
08/22/2021 22:00,"0"
08/23/2021 06:00,"15"
08/23/2021 07:00,"376"
08/23/2021 08:00,"1572"
08/23/2021 09:00,"1990"
08/23/2021 10:00,"3302"
08/23/2021 11:00,"4657"
08/23/2021 12:00,"5455"
08/23/2021 13:00,"5542"
08/23/2021 14:00,"5586"
08/23/2021 15:00,"5231"
08/23/2021 16:00,"4386"
08/23/2021 17:00,"2780"
08/23/2021 18:00,"1110"
08/23/2021 19:00,"156"
08/23/2021 20:00,"0"
08/24/2021 04:00,"0"
08/24/2021 08:00,"0"
08/24/2021 09:00,"0"
08/24/2021 10:00,"0"
08/24/2021 11:00,"145"
08/24/2021 12:00,"429"
08/24/2021 13:00,"1412"
08/24/2021 14:00,"3795"
08/24/2021 15:00,"4296"
08/24/2021 16:00,"3191"
08/24/2021 17:00,"3252"
08/24/2021 18:00,"1100"
08/24/2021 19:00,"120"
08/24/2021 20:00,"0"
08/25/2021 00:00,"0"
08/25/2021 06:00,"13"
08/25/2021 07:00,"362"
08/25/2021 08:00,"1446"
08/25/2021 09:00,"1977"
08/25/2021 10:00,"3211"
08/25/2021 11:00,"4471"
08/25/2021 12:00,"5175"
08/25/2021 13:00,"5397"
08/25/2021 14:00,"5402"
08/25/2021 15:00,"5189"
08/25/2021 16:00,"2142"
08/25/2021 17:00,"2182"
08/25/2021 18:00,"702"
08/25/2021 19:00,"139"
08/25/2021 20:00,"0"
08/26/2021 06:00,"9"
08/26/2021 07:00,"465"
08/26/2021 08:00,"1188"
08/26/2021 09:00,"1231"
